"STATION","DATE","LATITUDE","LONGITUDE","ELEVATION","NAME","TEMP","TEMP_ATTRIBUTES","DEWP","DEWP_ATTRIBUTES","SLP","SLP_ATTRIBUTES","STP","STP_ATTRIBUTES","VISIB","VISIB_ATTRIBUTES","WDSP","WDSP_ATTRIBUTES","MXSPD","GUST","MAX","MAX_ATTRIBUTES","MIN","MIN_ATTRIBUTES","PRCP","PRCP_ATTRIBUTES","SNDP","FRSHTT"
"10000199999","2018-01-01","51.602414","6.142172","32.3","NIEDERRHEIN, GM","  44.1","18","  40.3","18","9999.9"," 0","999.9"," 0","  5.7","18","  9.2","18"," 17.1"," 27.0","  46.4","*","  41.0","*","99.99"," ","999.9","010000"
"10000199999","2018-01-02","51.602414","6.142172","32.3","NIEDERRHEIN, GM","  43.6","20","  41.4","20","9999.9"," 0","999.9"," 0","  5.9","20","  9.9","20"," 14.0","999.9","  46.4","*","  41.0","*","99.99"," ","999.9","010000"
"10000199999","2018-01-03","51.602414","6.142172","32.3","NIEDERRHEIN, GM","  47.3","20","  39.9","20","9999.9"," 0","999.9"," 0","  4.9","20"," 23.6","20"," 31.1"," 45.1","  51.8","*","  44.6","*","99.99"," ","999.9","010000"
"10000199999","2018-01-04","51.602414","6.142172","32.3","NIEDERRHEIN, GM","  47.3","20","  43.3","20","9999.9"," 0","999.9"," 0","  5.6","20"," 12.0","20"," 27.0"," 41.0","  51.8","*","  42.8","*","99.99"," ","999.9","010000"
"10000199999","2018-01-05","51.602414","6.142172","32.3","NIEDERRHEIN, GM","  45.3","20","  43.0","20","9999.9"," 0","999.9"," 0","  6.2","20","  8.1","20"," 19.0"," 26.0","  48.2","*","  41.0","*","99.99"," ","999.9","010000"
"10000199999","2018-01-06","51.602414","6.142172","32.3","NIEDERRHEIN, GM","  40.7","20","  39.7","20","9999.9"," 0","999.9"," 0","  5.9","20","  3.5","20","  8.0","999.9","  42.8","*","  37.4","*","99.99"," ","999.9","010000"
"10000199999","2018-01-07","51.602414","6.142172","32.3","NIEDERRHEIN, GM","  35.9","20","  30.6","20","9999.9"," 0","999.9"," 0","  6.2","20","  8.1","20"," 12.0"," 20.0","  39.2","*","  33.8","*"," 0.00","I","999.9","000000"
"10000199999","2018-01-08","51.602414","6.142172","32.3","NIEDERRHEIN, GM","  37.0","20","  31.5","20","9999.9"," 0","999.9"," 0","  6.2","20","  7.0","20","  9.9","999.9","  41.0","*","  33.8","*"," 0.00","I","999.9","000000"
"10000199999","2018-01-09","51.602414","6.142172","32.3","NIEDERRHEIN, GM","  39.3","20","  37.5","20","9999.9"," 0","999.9"," 0","  5.7","20","  4.7","20","  8.0","999.9","  42.8","*","  33.8","*"," 0.00","I","999.9","000000"
"10000199999","2018-01-10","51.602414","6.142172","32.3","NIEDERRHEIN, GM","  45.9","20","  42.7","20","9999.9"," 0","999.9"," 0","  6.1","20","  5.0","20","  8.0","999.9","  48.2","*","  44.6","*","99.99"," ","999.9","010000"
"10000199999","2018-01-11","51.602414","6.142172","32.3","NIEDERRHEIN, GM","  42.9","20","  42.9","20","9999.9"," 0","999.9"," 0","  1.9","20","  0.2","20","  1.9","999.9","  46.4","*","  39.2","*"," 0.00","I","999.9","100000"
"10000199999","2018-01-12","51.602414","6.142172","32.3","NIEDERRHEIN, GM","  39.4","20","  39.4","20","9999.9"," 0","999.9"," 0","  1.6","20","  0.8","20","  2.9","999.9","  41.0","*","  39.2","*"," 0.00","I","999.9","100000"
"10000199999","2018-01-13","51.602414","6.142172","32.3","NIEDERRHEIN, GM","  40.7","20","  37.1","20","9999.9"," 0","999.9"," 0","  4.3","20","  4.7","20","  9.9","999.9","  42.8","*","  35.6","*"," 0.00","I","999.9","000000"
"10000199999","2018-01-14","51.602414","6.142172","32.3","NIEDERRHEIN, GM","  38.0","20","  32.5","20","9999.9"," 0","999.9"," 0","  6.0","20","  8.0","20"," 13.0","999.9","  41.0","*","  35.6","*"," 0.00","I","999.9","000000"
"10000199999","2018-01-15","51.602414","6.142172","32.3","NIEDERRHEIN, GM","  42.5","20","  39.7","20","9999.9"," 0","999.9"," 0","  6.1","20"," 12.9","20"," 18.1"," 31.1","  44.6","*","  35.6","*","99.99"," ","999.9","010000"
"10000199999","2018-01-16","51.602414","6.142172","32.3","NIEDERRHEIN, GM","  40.5","20","  36.8","20","9999.9"," 0","999.9"," 0","  6.2","20"," 11.4","20"," 18.1"," 29.9","  44.6","*","  37.4","*","99.99"," ","999.9","010010"
"10000199999","2018-01-17","51.602414","6.142172","32.3","NIEDERRHEIN, GM","  38.6","20","  33.8","20","9999.9"," 0","999.9"," 0","  6.1","20"," 12.8","20"," 18.1"," 27.0","  41.0","*","  35.6","*","99.99"," ","999.9","010000"
"10000199999","2018-01-18","51.602414","6.142172","32.3","NIEDERRHEIN, GM","  41.4","20","  37.5","20","9999.9"," 0","999.9"," 0","  5.9","20"," 16.0","20"," 47.0"," 68.0","  51.8","*","  35.6","*","99.99"," ","999.9","010000"
"10000199999","2018-01-19","51.602414","6.142172","32.3","NIEDERRHEIN, GM","  37.9","20","  36.0","20","9999.9"," 0","999.9"," 0","  6.1","20","  7.9","20"," 13.0","999.9","  42.8","*","  35.6","*","99.99"," ","999.9","010000"
"10000199999","2018-01-20","51.602414","6.142172","32.3","NIEDERRHEIN, GM","  36.5","20","  36.0","20","9999.9"," 0","999.9"," 0","  5.0","20","  4.3","20","  8.9","999.9","  39.2","*","  33.8","*","99.99"," ","999.9","010000"
"10000199999","2018-01-21","51.602414","6.142172","32.3","NIEDERRHEIN, GM","  37.5","20","  34.6","20","9999.9"," 0","999.9"," 0","  5.9","20","  5.9","20","  8.9","999.9","  42.8","*","  33.8","*","99.99"," ","999.9","010000"
"10000199999","2018-01-22","51.602414","6.142172","32.3","NIEDERRHEIN, GM","  45.0","20","  42.9","20","9999.9"," 0","999.9"," 0","  5.2","20","  8.0","20"," 11.1","999.9","  48.2","*","  37.4","*","99.99"," ","999.9","010000"
"10000199999","2018-01-23","51.602414","6.142172","32.3","NIEDERRHEIN, GM","  48.0","20","  43.6","20","9999.9"," 0","999.9"," 0","  6.2","20","  9.5","20"," 14.0"," 21.0","  51.8","*","  44.6","*","99.99"," ","999.9","010000"
"10000199999","2018-01-24","51.602414","6.142172","32.3","NIEDERRHEIN, GM","  54.9","20","  49.2","20","9999.9"," 0","999.9"," 0","  6.2","20"," 14.2","20"," 19.0"," 33.0","  57.2","*","  48.2","*","99.99"," ","999.9","010000"
"10000199999","2018-01-25","51.602414","6.142172","32.3","NIEDERRHEIN, GM","  46.3","20","  44.8","20","9999.9"," 0","999.9"," 0","  6.1","20","  5.8","20","  8.0","999.9","  50.0","*","  42.8","*","99.99"," ","999.9","010000"
"10000199999","2018-01-26","51.602414","6.142172","32.3","NIEDERRHEIN, GM","  42.0","20","  41.7","20","9999.9"," 0","999.9"," 0","  3.3","20","  2.2","20","  5.1","999.9","  46.4","*","  37.4","*"," 0.00","I","999.9","000000"
"10000199999","2018-01-27","51.602414","6.142172","32.3","NIEDERRHEIN, GM","  42.6","20","  38.8","20","9999.9"," 0","999.9"," 0","  5.2","20","  9.1","20"," 15.9","999.9","  46.4","*","  39.2","*"," 0.00","I","999.9","100000"
"10000199999","2018-01-28","51.602414","6.142172","32.3","NIEDERRHEIN, GM","  50.5","20","  47.8","20","9999.9"," 0","999.9"," 0","  5.2","20"," 12.7","20"," 17.1","999.9","  53.6","*","  44.6","*","99.99"," ","999.9","010000"
"10000199999","2018-01-29","51.602414","6.142172","32.3","NIEDERRHEIN, GM","  49.3","20","  44.4","20","9999.9"," 0","999.9"," 0","  6.0","20"," 13.2","20"," 22.9"," 33.0","  51.8","*","  41.0","*","99.99"," ","999.9","010000"
"10000199999","2018-01-30","51.602414","6.142172","32.3","NIEDERRHEIN, GM","  39.4","20","  38.6","20","9999.9"," 0","999.9"," 0","  4.8","20","  4.9","20","  8.0","999.9","  44.6","*","  37.4","*"," 0.00","I","999.9","000000"
"10000199999","2018-01-31","51.602414","6.142172","32.3","NIEDERRHEIN, GM","  44.7","20","  43.7","20","9999.9"," 0","999.9"," 0","  5.8","20"," 12.4","20"," 21.0"," 29.9","  50.0","*","  37.4","*","99.99"," ","999.9","010000"
"10000199999","2018-02-01","51.602414","6.142172","32.3","NIEDERRHEIN, GM","  37.6","20","  35.0","20","9999.9"," 0","999.9"," 0","  6.2","20","  9.3","20"," 14.0","999.9","  39.2","*","  35.6","*","99.99"," ","999.9","010000"
"10000199999","2018-02-02","51.602414","6.142172","32.3","NIEDERRHEIN, GM","  40.6","20","  38.3","20","9999.9"," 0","999.9"," 0","  5.9","20","  6.0","20"," 13.0"," 22.9","  42.8","*","  37.4","*","99.99"," ","999.9","010000"
"10000199999","2018-02-03","51.602414","6.142172","32.3","NIEDERRHEIN, GM","  37.2","20","  35.2","20","9999.9"," 0","999.9"," 0","  5.6","20","  5.4","20"," 11.1","999.9","  41.0","*","  33.8","*"," 0.00","I","999.9","000000"
"10000199999","2018-02-04","51.602414","6.142172","32.3","NIEDERRHEIN, GM","  33.7","20","  28.1","20","9999.9"," 0","999.9"," 0","  6.2","20","  5.3","20","  9.9"," 18.1","  35.6","*","  32.0","*","99.99"," ","999.9","001000"
"10000199999","2018-02-05","51.602414","6.142172","32.3","NIEDERRHEIN, GM","  33.3","20","  27.4","20","9999.9"," 0","999.9"," 0","  5.9","20","  6.0","20","  9.9"," 20.0","  39.2","*","  30.2","*"," 0.00","I","999.9","000000"
"10000199999","2018-02-06","51.602414","6.142172","32.3","NIEDERRHEIN, GM","  29.8","20","  23.9","20","9999.9"," 0","999.9"," 0","  6.2","20","  5.4","20","  7.0","999.9","  33.8","*","  26.6","*"," 0.00","I","999.9","000000"
"10000199999","2018-02-07","51.602414","6.142172","32.3","NIEDERRHEIN, GM","  28.5","20","  19.4","20","9999.9"," 0","999.9"," 0","  6.0","20","  3.2","20","  7.0","999.9","  35.6","*","  23.0","*"," 0.00","I","999.9","000000"
"10000199999","2018-02-08","51.602414","6.142172","32.3","NIEDERRHEIN, GM","  29.0","20","  22.3","20","9999.9"," 0","999.9"," 0","  6.1","20","  3.7","20","  6.0","999.9","  37.4","*","  17.6","*"," 0.00","I","999.9","000000"
"10000199999","2018-02-09","51.602414","6.142172","32.3","NIEDERRHEIN, GM","  32.6","20","  26.2","20","9999.9"," 0","999.9"," 0","  5.9","20","  7.3","20"," 11.1","999.9","  37.4","*","  26.6","*","99.99"," ","999.9","010000"
"10000199999","2018-02-10","51.602414","6.142172","32.3","NIEDERRHEIN, GM","  37.6","20","  34.5","20","9999.9"," 0","999.9"," 0","  3.5","20","  6.9","20"," 11.1","999.9","  42.8","*","  35.6","*"," 0.00","I","999.9","100000"
"10000199999","2018-02-11","51.602414","6.142172","32.3","NIEDERRHEIN, GM","  39.3","20","  36.0","20","9999.9"," 0","999.9"," 0","  6.1","20"," 11.8","20"," 18.1"," 29.9","  44.6","*","  35.6","*","99.99"," ","999.9","010000"
"10000199999","2018-02-12","51.602414","6.142172","32.3","NIEDERRHEIN, GM","  36.9","20","  29.9","20","9999.9"," 0","999.9"," 0","  6.2","20","  9.3","20"," 15.0","999.9","  42.8","*","  32.0","*"," 0.00","I","999.9","000000"
"10000199999","2018-02-13","51.602414","6.142172","32.3","NIEDERRHEIN, GM","  35.9","19","  26.1","19","9999.9"," 0","999.9"," 0","  6.2","19","  8.0","19"," 13.0","999.9","  42.8","*","  30.2","*"," 0.00","I","999.9","000000"
"10000199999","2018-02-14","51.602414","6.142172","32.3","NIEDERRHEIN, GM","  36.1","20","  22.4","20","9999.9"," 0","999.9"," 0","  6.2","20"," 10.3","20"," 14.0","999.9","  42.8","*","  28.4","*"," 0.00","I","999.9","000000"
"10000199999","2018-02-15","51.602414","6.142172","32.3","NIEDERRHEIN, GM","  38.6","20","  38.6","20","9999.9"," 0","999.9"," 0","  3.5","20","  8.1","20"," 15.0","999.9","  46.4","*","  33.8","*","99.99"," ","999.9","011000"
"10000199999","2018-02-16","51.602414","6.142172","32.3","NIEDERRHEIN, GM","  37.8","20","  32.4","20","9999.9"," 0","999.9"," 0","  5.7","20","  5.1","20"," 12.0","999.9","  46.4","*","  28.4","*"," 0.00","I","999.9","000000"
"10000199999","2018-02-17","51.602414","6.142172","32.3","NIEDERRHEIN, GM","  35.3","20","  29.8","20","9999.9"," 0","999.9"," 0","  6.2","20","  2.4","20","  5.1","999.9","  42.8","*","  26.6","*"," 0.00","I","999.9","000000"
"10000199999","2018-02-18","51.602414","6.142172","32.3","NIEDERRHEIN, GM","  36.2","20","  30.3","20","9999.9"," 0","999.9"," 0","  6.2","20","  5.4","20","  8.0","999.9","  44.6","*","  28.4","*"," 0.00","I","999.9","000000"
"10000199999","2018-02-19","51.602414","6.142172","32.3","NIEDERRHEIN, GM","  35.1","20","  29.8","20","9999.9"," 0","999.9"," 0","  5.1","20","  3.6","20","  6.0","999.9","  39.2","*","  30.2","*"," 0.00","I","999.9","000000"
"10000199999","2018-02-20","51.602414","6.142172","32.3","NIEDERRHEIN, GM","  34.7","19","  28.6","19","9999.9"," 0","999.9"," 0","  5.1","19","  3.6","19","  6.0","999.9","  42.8","*","  26.6","*"," 0.00","I","999.9","000000"
"10000199999","2018-02-21","51.602414","6.142172","32.3","NIEDERRHEIN, GM","  33.5","20","  25.6","20","9999.9"," 0","999.9"," 0","  4.9","20","  4.5","20","  8.0","999.9","  39.2","*","  26.6","*"," 0.00","I","999.9","000000"
"10000199999","2018-02-22","51.602414","6.142172","32.3","NIEDERRHEIN, GM","  34.1","20","  23.3","20","9999.9"," 0","999.9"," 0","  6.2","20","  6.4","20"," 11.1","999.9","  41.0","*","  28.4","*"," 0.00","I","999.9","000000"
"10000199999","2018-02-23","51.602414","6.142172","32.3","NIEDERRHEIN, GM","  32.6","20","  21.9","20","9999.9"," 0","999.9"," 0","  5.3","20","  6.3","20","  8.9"," 19.0","  37.4","*","  28.4","*"," 0.00","I","999.9","000000"
"10000199999","2018-02-24","51.602414","6.142172","32.3","NIEDERRHEIN, GM","  32.1","20","  15.3","20","9999.9"," 0","999.9"," 0","  6.2","20","  8.1","20"," 12.0"," 22.9","  37.4","*","  26.6","*"," 0.00","I","999.9","000000"
"10000199999","2018-02-25","51.602414","6.142172","32.3","NIEDERRHEIN, GM","  28.5","20","  11.7","20","9999.9"," 0","999.9"," 0","  6.2","20","  7.8","20","  9.9"," 19.0","  33.8","*","  23.0","*"," 0.00","I","999.9","000000"
"10000199999","2018-02-26","51.602414","6.142172","32.3","NIEDERRHEIN, GM","  27.0","20","  16.7","20","9999.9"," 0","999.9"," 0","  6.2","20","  6.8","20"," 11.1"," 22.0","  32.0","*","  23.0","*","99.99"," ","999.9","001000"
"10000199999","2018-02-27","51.602414","6.142172","32.3","NIEDERRHEIN, GM","  25.0","20","  14.7","20","9999.9"," 0","999.9"," 0","  6.2","20","  5.0","20","  9.9","999.9","  30.2","*","  19.4","*"," 0.00","I","999.9","000000"
"10000199999","2018-02-28","51.602414","6.142172","32.3","NIEDERRHEIN, GM","  21.7","20","   8.5","20","9999.9"," 0","999.9"," 0","  6.2","20","  9.2","20"," 15.9"," 24.1","  24.8","*","  17.6","*"," 0.00","I","999.9","000000"
"10000199999","2018-03-01","51.602414","6.142172","32.3","NIEDERRHEIN, GM","  26.1","20","   6.2","20","9999.9"," 0","999.9"," 0","  6.2","20"," 11.6","20"," 15.0"," 28.0","  32.0","*","  19.4","*"," 0.00","I","999.9","000000"
"10000199999","2018-03-02","51.602414","6.142172","32.3","NIEDERRHEIN, GM","  26.9","20","  11.2","20","9999.9"," 0","999.9"," 0","  5.8","20","  9.1","20"," 12.0"," 28.0","  32.0","*","  19.4","*","99.99"," ","999.9","001000"
"10000199999","2018-03-03","51.602414","6.142172","32.3","NIEDERRHEIN, GM","  29.1","20","  23.3","20","9999.9"," 0","999.9"," 0","  3.7","20","  5.7","20","  7.0","999.9","  33.8","*","  24.8","*","99.99"," ","999.9","001000"
"10000199999","2018-03-04","51.602414","6.142172","32.3","NIEDERRHEIN, GM","  44.0","20","  38.1","20","9999.9"," 0","999.9"," 0","  4.5","20","  8.0","20"," 13.0","999.9","  51.8","*","  33.8","*","99.99"," ","999.9","010000"
"10000199999","2018-03-05","51.602414","6.142172","32.3","NIEDERRHEIN, GM","  45.3","20","  38.2","20","9999.9"," 0","999.9"," 0","  6.2","20","  5.5","20","  8.9","999.9","  53.6","*","  37.4","*"," 0.00","I","999.9","000000"
"10000199999","2018-03-06","51.602414","6.142172","32.3","NIEDERRHEIN, GM","  45.1","21","  39.4","21","9999.9"," 0","999.9"," 0","  5.6","21","  4.6","21","  8.0","999.9","  53.6","*","  35.6","*"," 0.00","I","999.9","000000"
"10000199999","2018-03-07","51.602414","6.142172","32.3","NIEDERRHEIN, GM","  43.0","20","  40.8","20","9999.9"," 0","999.9"," 0","  4.7","20","  6.1","20"," 15.0","999.9","  50.0","*","  32.0","*","99.99"," ","999.9","010000"
"10000199999","2018-03-08","51.602414","6.142172","32.3","NIEDERRHEIN, GM","  42.0","20","  39.6","20","9999.9"," 0","999.9"," 0","  6.0","20","  9.7","20"," 15.0"," 28.0","  46.4","*","  35.6","*","99.99"," ","999.9","010010"
"10000199999","2018-03-09","51.602414","6.142172","32.3","NIEDERRHEIN, GM","  44.8","20","  40.2","20","9999.9"," 0","999.9"," 0","  5.7","20","  6.4","20","  8.9","999.9","  51.8","*","  35.6","*","99.99"," ","999.9","010000"
"10000199999","2018-03-10","51.602414","6.142172","32.3","NIEDERRHEIN, GM","  54.7","20","  50.8","20","9999.9"," 0","999.9"," 0","  5.7","20","  7.7","20"," 11.1","999.9","  60.8","*","  48.2","*"," 0.00","I","999.9","000000"
"10000199999","2018-03-11","51.602414","6.142172","32.3","NIEDERRHEIN, GM","  53.4","20","  49.6","20","9999.9"," 0","999.9"," 0","  5.9","20","  6.8","20","  9.9","999.9","  59.0","*","  48.2","*","99.99"," ","999.9","010000"
"10000199999","2018-03-12","51.602414","6.142172","32.3","NIEDERRHEIN, GM","  51.8","20","  47.5","20","9999.9"," 0","999.9"," 0","  6.2","20","  7.4","20"," 12.0"," 22.0","  59.0","*","  48.2","*","99.99"," ","999.9","010000"
"10000199999","2018-03-13","51.602414","6.142172","32.3","NIEDERRHEIN, GM","  43.2","20","  43.0","20","9999.9"," 0","999.9"," 0","  5.3","20","  7.5","20"," 11.1"," 21.0","  48.2","*","  41.0","*","99.99"," ","999.9","010000"
"10000199999","2018-03-14","51.602414","6.142172","32.3","NIEDERRHEIN, GM","  43.2","20","  37.4","20","9999.9"," 0","999.9"," 0","  4.2","20","  4.8","20","  8.0","999.9","  51.8","*","  33.8","*"," 0.00","I","999.9","100000"
"10000199999","2018-03-15","51.602414","6.142172","32.3","NIEDERRHEIN, GM","  47.0","20","  37.7","20","9999.9"," 0","999.9"," 0","  6.1","20","  6.8","20","  9.9","999.9","  55.4","*","  35.6","*","99.99"," ","999.9","010000"
"10000199999","2018-03-16","51.602414","6.142172","32.3","NIEDERRHEIN, GM","  39.6","20","  38.1","20","9999.9"," 0","999.9"," 0","  4.3","20","  6.4","20","  9.9"," 22.0","  42.8","*","  33.8","*","99.99"," ","999.9","010000"
"10000199999","2018-03-17","51.602414","6.142172","32.3","NIEDERRHEIN, GM","  28.4","20","  18.8","20","9999.9"," 0","999.9"," 0","  6.2","20"," 10.8","20"," 14.0"," 28.0","  30.2","*","  26.6","*","99.99"," ","999.9","001000"
"10000199999","2018-03-18","51.602414","6.142172","32.3","NIEDERRHEIN, GM","  29.9","20","  12.6","20","9999.9"," 0","999.9"," 0","  6.2","20","  9.0","20"," 12.0"," 26.0","  32.0","*","  26.6","*"," 0.00","I","999.9","000000"
"10000199999","2018-03-19","51.602414","6.142172","32.3","NIEDERRHEIN, GM","  32.4","20","  11.9","20","9999.9"," 0","999.9"," 0","  6.2","20","  6.8","20","  9.9"," 19.0","  39.2","*","  26.6","*"," 0.00","I","999.9","000000"
"10000199999","2018-03-20","51.602414","6.142172","32.3","NIEDERRHEIN, GM","  39.4","20","  23.0","20","9999.9"," 0","999.9"," 0","  5.9","20","  5.8","20"," 13.0"," 24.1","  48.2","*","  28.4","*","99.99"," ","999.9","001000"
"10000199999","2018-03-21","51.602414","6.142172","32.3","NIEDERRHEIN, GM","  38.8","20","  31.6","20","9999.9"," 0","999.9"," 0","  5.0","20","  4.7","20","  8.9","999.9","  44.6","*","  32.0","*"," 0.00","I","999.9","100000"
"10000199999","2018-03-22","51.602414","6.142172","32.3","NIEDERRHEIN, GM","  43.2","20","  42.2","20","9999.9"," 0","999.9"," 0","  4.5","20","  8.0","20"," 13.0","999.9","  48.2","*","  37.4","*","99.99"," ","999.9","010000"
"10000199999","2018-03-23","51.602414","6.142172","32.3","NIEDERRHEIN, GM","  43.2","20","  39.5","20","9999.9"," 0","999.9"," 0","  5.7","20","  7.6","20"," 12.0","999.9","  44.6","*","  41.0","*"," 0.00","I","999.9","000000"
"10000199999","2018-03-24","51.602414","6.142172","32.3","NIEDERRHEIN, GM","  46.2","20","  35.3","20","9999.9"," 0","999.9"," 0","  6.2","20","  4.1","20","  8.0","999.9","  53.6","*","  39.2","*"," 0.00","I","999.9","000000"
"10000199999","2018-03-25","51.602414","6.142172","32.3","NIEDERRHEIN, GM","  45.9","20","  34.1","20","9999.9"," 0","999.9"," 0","  5.2","20","  2.3","20","  6.0","999.9","  55.4","*","  30.2","*"," 0.00","I","999.9","000000"
"10000199999","2018-03-26","51.602414","6.142172","32.3","NIEDERRHEIN, GM","  42.0","20","  37.1","20","9999.9"," 0","999.9"," 0","  3.8","20","  3.2","20","  8.0","999.9","  53.6","*","  33.8","*","99.99"," ","999.9","110000"
"10000199999","2018-03-27","51.602414","6.142172","32.3","NIEDERRHEIN, GM","  43.0","20","  38.2","20","9999.9"," 0","999.9"," 0","  3.8","20","  6.3","20"," 12.0","999.9","  50.0","*","  30.2","*","99.99"," ","999.9","010000"
"10000199999","2018-03-28","51.602414","6.142172","32.3","NIEDERRHEIN, GM","  44.4","20","  44.4","20","9999.9"," 0","999.9"," 0","  3.7","20","  7.0","20"," 14.0"," 22.9","  48.2","*","  37.4","*","99.99"," ","999.9","010000"
"10000199999","2018-03-29","51.602414","6.142172","32.3","NIEDERRHEIN, GM","  43.3","20","  38.6","20","9999.9"," 0","999.9"," 0","  5.5","20","  5.8","20","  9.9","999.9","  51.8","*","  39.2","*"," 0.00","I","999.9","000000"
"10000199999","2018-03-30","51.602414","6.142172","32.3","NIEDERRHEIN, GM","  49.5","20","  39.1","20","9999.9"," 0","999.9"," 0","  6.0","20","  7.8","20"," 12.0","999.9","  57.2","*","  41.0","*","99.99"," ","999.9","010000"
"10000199999","2018-03-31","51.602414","6.142172","32.3","NIEDERRHEIN, GM","  47.4","20","  40.4","20","9999.9"," 0","999.9"," 0","  5.9","20","  4.3","20"," 11.1","999.9","  55.4","*","  37.4","*","99.99"," ","999.9","010000"
"10000199999","2018-04-01","51.602414","6.142172","32.3","NIEDERRHEIN, GM","  42.7","20","  42.7","20","9999.9"," 0","999.9"," 0","  3.8","20","  4.0","20","  7.0","999.9","  46.4","*","  39.2","*","99.99"," ","999.9","010000"
"10000199999","2018-04-02","51.602414","6.142172","32.3","NIEDERRHEIN, GM","  47.7","20","  41.4","20","9999.9"," 0","999.9"," 0","  4.6","20","  7.4","20"," 11.1","999.9","  55.4","*","  33.8","*","99.99"," ","999.9","110000"
"10000199999","2018-04-03","51.602414","6.142172","32.3","NIEDERRHEIN, GM","  56.1","20","  47.6","20","9999.9"," 0","999.9"," 0","  6.2","20"," 10.4","20"," 17.1"," 25.1","  62.6","*","  50.0","*","99.99"," ","999.9","010000"
"10000199999","2018-04-04","51.602414","6.142172","32.3","NIEDERRHEIN, GM","  52.2","20","  47.7","20","9999.9"," 0","999.9"," 0","  6.0","20","  6.8","20"," 14.0"," 22.9","  59.0","*","  44.6","*","99.99"," ","999.9","010000"
"10000199999","2018-04-05","51.602414","6.142172","32.3","NIEDERRHEIN, GM","  44.8","20","  38.2","20","9999.9"," 0","999.9"," 0","  6.0","20"," 10.2","20"," 19.0"," 25.1","  50.0","*","  33.8","*","99.99"," ","999.9","010000"
"10000199999","2018-04-06","51.602414","6.142172","32.3","NIEDERRHEIN, GM","  49.5","20","  30.4","20","9999.9"," 0","999.9"," 0","  6.2","20","  9.8","20"," 14.0"," 24.1","  60.8","*","  32.0","*"," 0.00","I","999.9","000000"
"10000199999","2018-04-07","51.602414","6.142172","32.3","NIEDERRHEIN, GM","  61.4","20","  40.4","20","9999.9"," 0","999.9"," 0","  6.2","20","  8.0","20"," 13.0","999.9","  73.4","*","  50.0","*"," 0.00","I","999.9","000000"
"10000199999","2018-04-08","51.602414","6.142172","32.3","NIEDERRHEIN, GM","  63.1","20","  44.8","20","9999.9"," 0","999.9"," 0","  6.2","20","  3.0","20","  7.0","999.9","  75.2","*","  48.2","*"," 0.00","I","999.9","000000"
"10000199999","2018-04-09","51.602414","6.142172","32.3","NIEDERRHEIN, GM","  58.6","20","  50.3","20","9999.9"," 0","999.9"," 0","  4.7","20","  4.4","20","  8.9","999.9","  64.4","*","  51.8","*"," 0.00","I","999.9","000000"
"10000199999","2018-04-10","51.602414","6.142172","32.3","NIEDERRHEIN, GM","  61.1","21","  50.0","21","9999.9"," 0","999.9"," 0","  5.6","21","  4.8","21"," 15.9","999.9","  68.0","*","  51.8","*","99.99"," ","999.9","010010"
"10000199999","2018-04-11","51.602414","6.142172","32.3","NIEDERRHEIN, GM","  52.2","13","  52.2","13","9999.9"," 0","999.9"," 0","  2.1","13","  2.5","13","  5.1","999.9","  55.4","*","  48.2","*"," 0.00","I","999.9","000000"
"10000199999","2018-04-12","51.602414","6.142172","32.3","NIEDERRHEIN, GM","  55.0","20","  52.2","20","9999.9"," 0","999.9"," 0","  4.0","20","  4.9","20","  8.0","999.9","  62.6","*","  46.4","*","99.99"," ","999.9","010010"
"10000199999","2018-04-13","51.602414","6.142172","32.3","NIEDERRHEIN, GM","  52.5","20","  49.5","20","9999.9"," 0","999.9"," 0","  3.3","20","  3.2","20","  8.9","999.9","  60.8","*","  41.0","*"," 0.00","I","999.9","100000"
"10000199999","2018-04-14","51.602414","6.142172","32.3","NIEDERRHEIN, GM","  56.2","20","  48.6","20","9999.9"," 0","999.9"," 0","  4.9","20","  3.0","20","  5.1","999.9","  62.6","*","  48.2","*"," 0.00","I","999.9","000000"
"10000199999","2018-04-15","51.602414","6.142172","32.3","NIEDERRHEIN, GM","  59.6","20","  51.4","20","9999.9"," 0","999.9"," 0","  5.5","20","  5.6","20","  8.9","999.9","  64.4","*","  51.8","*","99.99"," ","999.9","010000"
"10000199999","2018-04-16","51.602414","6.142172","32.3","NIEDERRHEIN, GM","  57.7","20","  47.7","20","9999.9"," 0","999.9"," 0","  6.2","20","  5.7","20","  8.9","999.9","  62.6","*","  50.0","*"," 0.00","I","999.9","000000"
"10000199999","2018-04-17","51.602414","6.142172","32.3","NIEDERRHEIN, GM","  60.3","20","  45.9","20","9999.9"," 0","999.9"," 0","  6.2","20","  5.3","20","  9.9","999.9","  71.6","*","  44.6","*"," 0.00","I","999.9","000000"
"10000199999","2018-04-18","51.602414","6.142172","32.3","NIEDERRHEIN, GM","  66.0","20","  48.1","20","9999.9"," 0","999.9"," 0","  6.2","20","  3.5","20","  6.0","999.9","  77.0","*","  46.4","*"," 0.00","I","999.9","000000"
"10000199999","2018-04-19","51.602414","6.142172","32.3","NIEDERRHEIN, GM","  71.3","20","  45.9","20","9999.9"," 0","999.9"," 0","  6.2","20","  5.5","20"," 11.1","999.9","  84.2","*","  50.0","*"," 0.00","I","999.9","000000"
"10000199999","2018-04-20","51.602414","6.142172","32.3","NIEDERRHEIN, GM","  71.9","20","  50.7","20","9999.9"," 0","999.9"," 0","  6.2","20","  4.1","20","  8.9","999.9","  82.4","*","  55.4","*"," 0.00","I","999.9","000000"
"10000199999","2018-04-21","51.602414","6.142172","32.3","NIEDERRHEIN, GM","  63.4","20","  50.7","20","9999.9"," 0","999.9"," 0","  4.8","20","  3.7","20","  6.0","999.9","  73.4","*","  51.8","*"," 0.00","I","999.9","000000"
"10000199999","2018-04-22","51.602414","6.142172","32.3","NIEDERRHEIN, GM","  67.8","20","  54.5","20","9999.9"," 0","999.9"," 0","  5.5","20","  5.6","20","  9.9","999.9","  80.6","*","  55.4","*"," 0.00","I","999.9","000000"
"10000199999","2018-04-23","51.602414","6.142172","32.3","NIEDERRHEIN, GM","  58.5","20","  46.8","20","9999.9"," 0","999.9"," 0","  6.2","20","  8.4","20"," 14.0","999.9","  64.4","*","  50.0","*"," 0.00","I","999.9","000000"
"10000199999","2018-04-24","51.602414","6.142172","32.3","NIEDERRHEIN, GM","  54.7","20","  46.6","20","9999.9"," 0","999.9"," 0","  6.2","20","  8.6","20"," 12.0","999.9","  59.0","*","  48.2","*"," 0.00","I","999.9","000000"
"10000199999","2018-04-25","51.602414","6.142172","32.3","NIEDERRHEIN, GM","  55.3","20","  44.8","20","9999.9"," 0","999.9"," 0","  6.2","20"," 11.4","20"," 17.1"," 27.0","  59.0","*","  50.0","*","99.99"," ","999.9","010000"
"10000199999","2018-04-26","51.602414","6.142172","32.3","NIEDERRHEIN, GM","  51.8","20","  41.2","20","9999.9"," 0","999.9"," 0","  6.1","20"," 10.5","20"," 17.1"," 31.1","  59.0","*","  44.6","*","99.99"," ","999.9","010000"
"10000199999","2018-04-27","51.602414","6.142172","32.3","NIEDERRHEIN, GM","  54.2","20","  39.9","20","9999.9"," 0","999.9"," 0","  6.2","20","  4.8","20","  9.9","999.9","  64.4","*","  39.2","*"," 0.00","I","999.9","000000"
"10000199999","2018-04-28","51.602414","6.142172","32.3","NIEDERRHEIN, GM","  57.5","21","  44.9","21","9999.9"," 0","999.9"," 0","  6.2","21","  6.6","21"," 13.0","999.9","  62.6","*","  53.6","*"," 0.00","I","999.9","000000"
"10000199999","2018-04-29","51.602414","6.142172","32.3","NIEDERRHEIN, GM","  55.9","20","  52.5","20","9999.9"," 0","999.9"," 0","  5.6","20","  3.6","20","  8.0"," 15.0","  66.2","*","  42.8","*","99.99"," ","999.9","010000"
"10000199999","2018-04-30","51.602414","6.142172","32.3","NIEDERRHEIN, GM","  51.9","20","  46.7","20","9999.9"," 0","999.9"," 0","  5.9","20"," 11.0","20"," 20.0"," 35.0","  59.0","*","  42.8","*","99.99"," ","999.9","010000"
"10000199999","2018-05-01","51.602414","6.142172","32.3","NIEDERRHEIN, GM","  49.2","20","  35.9","20","9999.9"," 0","999.9"," 0","  6.0","20"," 11.8","20"," 19.0"," 29.9","  57.2","*","  42.8","*","99.99"," ","999.9","010000"
"10000199999","2018-05-02","51.602414","6.142172","32.3","NIEDERRHEIN, GM","  55.7","20","  38.9","20","9999.9"," 0","999.9"," 0","  6.2","20","  8.4","20"," 14.0"," 22.0","  64.4","*","  39.2","*"," 0.00","I","999.9","000000"
"10000199999","2018-05-03","51.602414","6.142172","32.3","NIEDERRHEIN, GM","  54.2","20","  38.7","20","9999.9"," 0","999.9"," 0","  6.2","20","  3.3","20","  6.0"," 17.1","  60.8","*","  44.6","*"," 0.00","I","999.9","000000"
"10000199999","2018-05-04","51.602414","6.142172","32.3","NIEDERRHEIN, GM","  57.5","20","  41.7","20","9999.9"," 0","999.9"," 0","  6.2","20","  4.2","20","  7.0","999.9","  66.2","*","  42.8","*"," 0.00","I","999.9","000000"
"10000199999","2018-05-05","51.602414","6.142172","32.3","NIEDERRHEIN, GM","  62.4","20","  40.9","20","9999.9"," 0","999.9"," 0","  6.2","20","  5.9","20","  8.9","999.9","  73.4","*","  46.4","*"," 0.00","I","999.9","000000"
"10000199999","2018-05-06","51.602414","6.142172","32.3","NIEDERRHEIN, GM","  67.2","20","  44.7","20","9999.9"," 0","999.9"," 0","  6.2","20","  4.8","20","  8.0","999.9","  78.8","*","  46.4","*"," 0.00","I","999.9","000000"
"10000199999","2018-05-07","51.602414","6.142172","32.3","NIEDERRHEIN, GM","  69.2","20","  46.7","20","9999.9"," 0","999.9"," 0","  6.2","20","  4.5","20","  7.0","999.9","  78.8","*","  51.8","*"," 0.00","I","999.9","000000"
"10000199999","2018-05-08","51.602414","6.142172","32.3","NIEDERRHEIN, GM","  71.1","20","  46.0","20","9999.9"," 0","999.9"," 0","  6.2","20","  5.3","20","  8.9"," 17.1","  82.4","*","  53.6","*"," 0.00","I","999.9","000000"
"10000199999","2018-05-09","51.602414","6.142172","32.3","NIEDERRHEIN, GM","  71.9","20","  50.6","20","9999.9"," 0","999.9"," 0","  6.2","20","  5.2","20","  8.0","999.9","  82.4","*","  57.2","*"," 0.00","I","999.9","000000"
"10000199999","2018-05-10","51.602414","6.142172","32.3","NIEDERRHEIN, GM","  56.6","20","  48.7","20","9999.9"," 0","999.9"," 0","  6.0","20","  7.7","20"," 15.9","999.9","  64.4","*","  48.2","*","99.99"," ","999.9","010000"
"10000199999","2018-05-11","51.602414","6.142172","32.3","NIEDERRHEIN, GM","  58.6","20","  46.4","20","9999.9"," 0","999.9"," 0","  6.2","20","  3.7","20","  7.0","999.9","  68.0","*","  41.0","*"," 0.00","I","999.9","000000"
"10000199999","2018-05-12","51.602414","6.142172","32.3","NIEDERRHEIN, GM","  66.8","20","  46.0","20","9999.9"," 0","999.9"," 0","  6.2","20","  4.9","20","  8.0","999.9","  75.2","*","  51.8","*"," 0.00","I","999.9","000000"
"10000199999","2018-05-13","51.602414","6.142172","32.3","NIEDERRHEIN, GM","  57.6","20","  55.8","20","9999.9"," 0","999.9"," 0","  3.6","20","  5.6","20","  9.9","999.9","  60.8","*","  53.6","*","99.99"," ","999.9","010000"
"10000199999","2018-05-14","51.602414","6.142172","32.3","NIEDERRHEIN, GM","  68.0","20","  55.2","20","9999.9"," 0","999.9"," 0","  4.7","20","  5.0","20","  9.9","999.9","  78.8","*","  55.4","*"," 0.00","I","999.9","000000"
"10000199999","2018-05-15","51.602414","6.142172","32.3","NIEDERRHEIN, GM","  69.2","20","  45.1","20","9999.9"," 0","999.9"," 0","  6.2","20","  3.9","20","  8.9","999.9","  75.2","*","  59.0","*"," 0.00","I","999.9","000000"
"10000199999","2018-05-16","51.602414","6.142172","32.3","NIEDERRHEIN, GM","  64.1","20","  51.6","20","9999.9"," 0","999.9"," 0","  6.2","20","  4.9","20","  8.0"," 15.0","  73.4","*","  55.4","*"," 0.00","I","999.9","000000"
"10000199999","2018-05-17","51.602414","6.142172","32.3","NIEDERRHEIN, GM","  55.2","20","  41.5","20","9999.9"," 0","999.9"," 0","  6.2","20","  5.9","20","  8.9","999.9","  62.6","*","  48.2","*"," 0.00","I","999.9","000000"
"10000199999","2018-05-18","51.602414","6.142172","32.3","NIEDERRHEIN, GM","  54.0","20","  42.1","20","9999.9"," 0","999.9"," 0","  6.2","20","  3.8","20","  6.0","999.9","  62.6","*","  42.8","*"," 0.00","I","999.9","000000"
"10000199999","2018-05-19","51.602414","6.142172","32.3","NIEDERRHEIN, GM","  54.5","20","  46.9","20","9999.9"," 0","999.9"," 0","  6.2","20","  2.7","20","  6.0","999.9","  62.6","*","  44.6","*"," 0.00","I","999.9","000000"
"10000199999","2018-05-20","51.602414","6.142172","32.3","NIEDERRHEIN, GM","  65.8","20","  48.7","20","9999.9"," 0","999.9"," 0","  5.7","20","  5.0","20","  8.0"," 17.1","  77.0","*","  48.2","*"," 0.00","I","999.9","000000"
"10000199999","2018-05-21","51.602414","6.142172","32.3","NIEDERRHEIN, GM","  69.7","20","  46.6","20","9999.9"," 0","999.9"," 0","  6.2","20","  5.7","20","  9.9"," 17.1","  78.8","*","  55.4","*","99.99"," ","999.9","010010"
"10000199999","2018-05-22","51.602414","6.142172","32.3","NIEDERRHEIN, GM","  66.4","20","  58.2","20","9999.9"," 0","999.9"," 0","  6.0","20","  3.2","20","  8.0","999.9","  75.2","*","  55.4","*","99.99"," ","999.9","010000"
"10000199999","2018-05-23","51.602414","6.142172","32.3","NIEDERRHEIN, GM","  68.0","20","  55.5","20","9999.9"," 0","999.9"," 0","  6.1","20","  4.6","20","  8.0","999.9","  77.0","*","  60.8","*","99.99"," ","999.9","010000"
"10000199999","2018-05-24","51.602414","6.142172","32.3","NIEDERRHEIN, GM","  64.9","20","  55.7","20","9999.9"," 0","999.9"," 0","  6.2","20","  5.4","20","  9.9"," 19.0","  75.2","*","  57.2","*"," 0.00","I","999.9","000000"
"10000199999","2018-05-25","51.602414","6.142172","32.3","NIEDERRHEIN, GM","  71.3","20","  60.5","20","9999.9"," 0","999.9"," 0","  5.6","20","  3.9","20","  7.0","999.9","  78.8","*","  59.0","*"," 0.00","I","999.9","000000"
"10000199999","2018-05-26","51.602414","6.142172","32.3","NIEDERRHEIN, GM","  76.2","20","  58.1","20","9999.9"," 0","999.9"," 0","  5.9","20","  4.2","20","  7.0","999.9","  84.2","*","  60.8","*"," 0.00","I","999.9","000000"
"10000199999","2018-05-27","51.602414","6.142172","32.3","NIEDERRHEIN, GM","  70.8","20","  59.2","20","9999.9"," 0","999.9"," 0","  6.2","20","  4.6","20"," 12.0","999.9","  80.6","*","  62.6","*","99.99"," ","999.9","010010"
"10000199999","2018-05-28","51.602414","6.142172","32.3","NIEDERRHEIN, GM","  76.1","20","  60.1","20","9999.9"," 0","999.9"," 0","  5.7","20","  3.7","20","  6.0","999.9","  86.0","*","  57.2","*"," 0.00","I","999.9","000000"
"10000199999","2018-05-29","51.602414","6.142172","32.3","NIEDERRHEIN, GM","  74.0","20","  63.8","20","9999.9"," 0","999.9"," 0","  5.5","20","  4.8","20"," 13.0"," 27.0","  87.8","*","  62.6","*","99.99"," ","999.9","010010"
"10000199999","2018-05-30","51.602414","6.142172","32.3","NIEDERRHEIN, GM","  73.4","20","  62.0","20","9999.9"," 0","999.9"," 0","  6.2","20","  2.9","20","  7.0","999.9","  82.4","*","  60.8","*"," 0.00","I","999.9","000000"
"10000199999","2018-05-31","51.602414","6.142172","32.3","NIEDERRHEIN, GM","  72.5","20","  64.0","20","9999.9"," 0","999.9"," 0","  6.2","20","  3.9","20","  8.0","999.9","  78.8","*","  64.4","*"," 0.00","I","999.9","000000"
"10000199999","2018-06-01","51.602414","6.142172","32.3","NIEDERRHEIN, GM","  64.4","20","  64.4","20","9999.9"," 0","999.9"," 0","  1.9","20","  5.8","20"," 11.1","999.9","  69.8","*","  60.8","*","99.99"," ","999.9","010000"
"10000199999","2018-06-02","51.602414","6.142172","32.3","NIEDERRHEIN, GM","  65.0","20","  60.1","20","9999.9"," 0","999.9"," 0","  5.1","20","  5.5","20","  8.9","999.9","  71.6","*","  60.8","*","99.99"," ","999.9","010000"
"10000199999","2018-06-03","51.602414","6.142172","32.3","NIEDERRHEIN, GM","  68.9","20","  60.9","20","9999.9"," 0","999.9"," 0","  5.1","20","  1.5","20","  4.1","999.9","  77.0","*","  59.0","*"," 0.00","I","999.9","000000"
"10000199999","2018-06-04","51.602414","6.142172","32.3","NIEDERRHEIN, GM","  68.0","20","  61.3","20","9999.9"," 0","999.9"," 0","  4.6","20","  4.3","20","  7.0","999.9","  75.2","*","  59.0","*"," 0.00","I","999.9","100000"
"10000199999","2018-06-05","51.602414","6.142172","32.3","NIEDERRHEIN, GM","  63.4","20","  56.8","20","9999.9"," 0","999.9"," 0","  6.2","20","  3.5","20","  5.1","999.9","  69.8","*","  59.0","*"," 0.00","I","999.9","000000"
"10000199999","2018-06-06","51.602414","6.142172","32.3","NIEDERRHEIN, GM","  72.9","20","  56.6","20","9999.9"," 0","999.9"," 0","  5.9","20","  3.5","20","  6.0","999.9","  84.2","*","  55.4","*"," 0.00","I","999.9","000000"
"10000199999","2018-06-07","51.602414","6.142172","32.3","NIEDERRHEIN, GM","  73.6","20","  60.5","20","9999.9"," 0","999.9"," 0","  6.2","20","  3.4","20","  9.9"," 14.0","  82.4","*","  60.8","*"," 0.00","I","999.9","000000"
"10000199999","2018-06-08","51.602414","6.142172","32.3","NIEDERRHEIN, GM","  67.6","20","  64.9","20","9999.9"," 0","999.9"," 0","  4.2","20","  3.3","20","  7.0","999.9","  73.4","*","  64.4","*","99.99"," ","999.9","010000"
"10000199999","2018-06-09","51.602414","6.142172","32.3","NIEDERRHEIN, GM","  72.4","21","  62.9","21","9999.9"," 0","999.9"," 0","  6.2","21","  2.8","21","  5.1","999.9","  78.8","*","  60.8","*"," 0.00","I","999.9","000000"
"10000199999","2018-06-10","51.602414","6.142172","32.3","NIEDERRHEIN, GM","  69.0","20","  60.2","20","9999.9"," 0","999.9"," 0","  5.7","20","  4.2","20","  7.0","999.9","  78.8","*","  60.8","*"," 0.00","I","999.9","000000"
"10000199999","2018-06-11","51.602414","6.142172","32.3","NIEDERRHEIN, GM","  66.3","20","  53.9","20","9999.9"," 0","999.9"," 0","  6.2","20","  5.7","20","  8.0","999.9","  73.4","*","  57.2","*"," 0.00","I","999.9","000000"
"10000199999","2018-06-12","51.602414","6.142172","32.3","NIEDERRHEIN, GM","  60.3","20","  52.3","20","9999.9"," 0","999.9"," 0","  6.2","20","  4.9","20","  8.0"," 19.0","  66.2","*","  55.4","*"," 0.00","I","999.9","000000"
"10000199999","2018-06-13","51.602414","6.142172","32.3","NIEDERRHEIN, GM","  59.0","20","  50.3","20","9999.9"," 0","999.9"," 0","  6.2","20","  3.7","20","  6.0","999.9","  64.4","*","  51.8","*"," 0.00","I","999.9","000000"
"10000199999","2018-06-14","51.602414","6.142172","32.3","NIEDERRHEIN, GM","  61.7","19","  54.6","19","9999.9"," 0","999.9"," 0","  6.0","19","  7.3","19"," 12.0","999.9","  69.8","*","  50.0","*","99.99"," ","999.9","010000"
"10000199999","2018-06-15","51.602414","6.142172","32.3","NIEDERRHEIN, GM","  66.9","20","  54.7","20","9999.9"," 0","999.9"," 0","  4.9","20","  2.8","20","  7.0","999.9","  75.2","*","  53.6","*"," 0.00","I","999.9","100000"
"10000199999","2018-06-16","51.602414","6.142172","32.3","NIEDERRHEIN, GM","  66.2","20","  54.7","20","9999.9"," 0","999.9"," 0","  6.2","20","  6.1","20","  9.9","999.9","  75.2","*","  55.4","*"," 0.00","I","999.9","000000"
"10000199999","2018-06-17","51.602414","6.142172","32.3","NIEDERRHEIN, GM","  61.8","20","  50.9","20","9999.9"," 0","999.9"," 0","  6.2","20","  7.2","20"," 13.0","999.9","  66.2","*","  57.2","*","99.99"," ","999.9","010000"
"10000199999","2018-06-18","51.602414","6.142172","32.3","NIEDERRHEIN, GM","  64.9","20","  57.6","20","9999.9"," 0","999.9"," 0","  6.1","20","  8.0","20"," 13.0","999.9","  69.8","*","  59.0","*","99.99"," ","999.9","010000"
"10000199999","2018-06-19","51.602414","6.142172","32.3","NIEDERRHEIN, GM","  65.6","20","  60.3","20","9999.9"," 0","999.9"," 0","  6.1","20","  6.0","20","  8.9","999.9","  71.6","*","  57.2","*"," 0.00","I","999.9","000000"
"10000199999","2018-06-20","51.602414","6.142172","32.3","NIEDERRHEIN, GM","  71.5","20","  60.5","20","9999.9"," 0","999.9"," 0","  6.2","20","  6.2","20","  9.9","999.9","  80.6","*","  60.8","*"," 0.00","I","999.9","000000"
"10000199999","2018-06-21","51.602414","6.142172","32.3","NIEDERRHEIN, GM","  60.3","20","  47.7","20","9999.9"," 0","999.9"," 0","  6.1","20"," 10.3","20"," 15.0"," 26.0","  62.6","*","  51.8","*","99.99"," ","999.9","010000"
"10000199999","2018-06-22","51.602414","6.142172","32.3","NIEDERRHEIN, GM","  57.0","20","  45.7","20","9999.9"," 0","999.9"," 0","  6.2","20","  7.9","20"," 12.0"," 19.0","  62.6","*","  48.2","*","99.99"," ","999.9","010000"
"10000199999","2018-06-23","51.602414","6.142172","32.3","NIEDERRHEIN, GM","  58.8","21","  48.5","21","9999.9"," 0","999.9"," 0","  6.2","21","  4.9","21","  8.9","999.9","  66.2","*","  46.4","*"," 0.00","I","999.9","000000"
"10000199999","2018-06-24","51.602414","6.142172","32.3","NIEDERRHEIN, GM","  60.0","20","  52.0","20","9999.9"," 0","999.9"," 0","  6.1","20","  4.2","20","  6.0","999.9","  64.4","*","  51.8","*"," 0.00","I","999.9","000000"
"10000199999","2018-06-25","51.602414","6.142172","32.3","NIEDERRHEIN, GM","  64.9","20","  53.8","20","9999.9"," 0","999.9"," 0","  6.2","20","  4.2","20","  7.0","999.9","  71.6","*","  57.2","*"," 0.00","I","999.9","000000"
"10000199999","2018-06-26","51.602414","6.142172","32.3","NIEDERRHEIN, GM","  63.4","21","  51.2","21","9999.9"," 0","999.9"," 0","  6.2","21","  3.7","21","  6.0","999.9","  75.2","*","  51.8","*"," 0.00","I","999.9","000000"
"10000199999","2018-06-27","51.602414","6.142172","32.3","NIEDERRHEIN, GM","  69.3","20","  53.7","20","9999.9"," 0","999.9"," 0","  6.0","20","  4.8","20","  7.0","999.9","  80.6","*","  53.6","*"," 0.00","I","999.9","000000"
"10000199999","2018-06-28","51.602414","6.142172","32.3","NIEDERRHEIN, GM","  74.2","20","  53.2","20","9999.9"," 0","999.9"," 0","  6.2","20","  4.9","20","  7.0","999.9","  84.2","*","  59.0","*"," 0.00","I","999.9","000000"
"10000199999","2018-06-29","51.602414","6.142172","32.3","NIEDERRHEIN, GM","  73.1","20","  53.3","20","9999.9"," 0","999.9"," 0","  6.2","20","  5.3","20","  7.0","999.9","  82.4","*","  59.0","*"," 0.00","I","999.9","000000"
"10000199999","2018-06-30","51.602414","6.142172","32.3","NIEDERRHEIN, GM","  73.9","20","  49.2","20","9999.9"," 0","999.9"," 0","  6.2","20","  5.9","20","  8.9","999.9","  84.2","*","  57.2","*"," 0.00","I","999.9","000000"
"10000199999","2018-07-01","51.602414","6.142172","32.3","NIEDERRHEIN, GM","  72.4","20","  40.4","20","9999.9"," 0","999.9"," 0","  6.2","20","  7.1","20"," 11.1"," 20.0","  80.6","*","  60.8","*"," 0.00","I","999.9","000000"
"10000199999","2018-07-02","51.602414","6.142172","32.3","NIEDERRHEIN, GM","  72.2","20","  40.6","20","9999.9"," 0","999.9"," 0","  6.2","20","  5.6","20","  8.9"," 19.0","  80.6","*","  57.2","*"," 0.00","I","999.9","000000"
"10000199999","2018-07-03","51.602414","6.142172","32.3","NIEDERRHEIN, GM","  74.4","20","  46.8","20","9999.9"," 0","999.9"," 0","  6.2","20","  3.8","20","  6.0","999.9","  86.0","*","  55.4","*"," 0.00","I","999.9","000000"
"10000199999","2018-07-04","51.602414","6.142172","32.3","NIEDERRHEIN, GM","  73.9","20","  55.6","20","9999.9"," 0","999.9"," 0","  6.2","20","  3.1","20","  6.0","999.9","  84.2","*","  59.0","*"," 0.00","I","999.9","000000"
"10000199999","2018-07-05","51.602414","6.142172","32.3","NIEDERRHEIN, GM","  71.8","20","  55.8","20","9999.9"," 0","999.9"," 0","  6.2","20","  4.4","20","  9.9","999.9","  80.6","*","  62.6","*"," 0.00","I","999.9","000000"
"10000199999","2018-07-06","51.602414","6.142172","32.3","NIEDERRHEIN, GM","  71.1","20","  55.2","20","9999.9"," 0","999.9"," 0","  6.2","20","  3.5","20","  7.0","999.9","  78.8","*","  59.0","*"," 0.00","I","999.9","000000"
"10000199999","2018-07-07","51.602414","6.142172","32.3","NIEDERRHEIN, GM","  70.6","20","  46.8","20","9999.9"," 0","999.9"," 0","  6.2","20","  4.0","20","  8.0","999.9","  80.6","*","  59.0","*"," 0.00","I","999.9","000000"
"10000199999","2018-07-08","51.602414","6.142172","32.3","NIEDERRHEIN, GM","  69.1","20","  51.0","20","9999.9"," 0","999.9"," 0","  6.2","20","  3.8","20","  7.0","999.9","  78.8","*","  53.6","*"," 0.00","I","999.9","000000"
"10000199999","2018-07-09","51.602414","6.142172","32.3","NIEDERRHEIN, GM","  67.4","20","  56.1","20","9999.9"," 0","999.9"," 0","  6.2","20","  3.9","20","  7.0"," 15.0","  75.2","*","  55.4","*"," 0.00","I","999.9","000000"
"10000199999","2018-07-10","51.602414","6.142172","32.3","NIEDERRHEIN, GM","  62.7","20","  51.3","20","9999.9"," 0","999.9"," 0","  6.2","20","  7.9","20"," 15.9"," 18.1","  71.6","*","  55.4","*","99.99"," ","999.9","010000"
"10000199999","2018-07-11","51.602414","6.142172","32.3","NIEDERRHEIN, GM","  65.6","21","  53.4","21","9999.9"," 0","999.9"," 0","  6.1","21","  4.1","21","  8.9"," 17.1","  75.2","*","  51.8","*","99.99"," ","999.9","010000"
"10000199999","2018-07-12","51.602414","6.142172","32.3","NIEDERRHEIN, GM","  70.3","21","  55.9","21","9999.9"," 0","999.9"," 0","  6.2","21","  4.1","21","  8.0","999.9","  80.6","*","  59.0","*"," 0.00","I","999.9","000000"
"10000199999","2018-07-13","51.602414","6.142172","32.3","NIEDERRHEIN, GM","  70.6","20","  55.0","20","9999.9"," 0","999.9"," 0","  6.0","20","  3.1","20","  5.1","999.9","  80.6","*","  55.4","*"," 0.00","I","999.9","000000"
"10000199999","2018-07-14","51.602414","6.142172","32.3","NIEDERRHEIN, GM","  70.1","21","  52.6","21","9999.9"," 0","999.9"," 0","  6.2","21","  4.0","21","  6.0","999.9","  80.6","*","  57.2","*"," 0.00","I","999.9","000000"
"10000199999","2018-07-15","51.602414","6.142172","32.3","NIEDERRHEIN, GM","  73.9","20","  49.6","20","9999.9"," 0","999.9"," 0","  6.2","20","  4.1","20","  7.0","999.9","  84.2","*","  57.2","*"," 0.00","I","999.9","000000"
"10000199999","2018-07-16","51.602414","6.142172","32.3","NIEDERRHEIN, GM","  77.1","20","  47.6","20","9999.9"," 0","999.9"," 0","  6.2","20","  3.2","20","  6.0","999.9","  87.8","*","  59.0","*"," 0.00","I","999.9","000000"
"10000199999","2018-07-17","51.602414","6.142172","32.3","NIEDERRHEIN, GM","  73.7","20","  54.8","20","9999.9"," 0","999.9"," 0","  6.2","20","  7.3","20"," 12.0","999.9","  82.4","*","  62.6","*"," 0.00","I","999.9","000000"
"10000199999","2018-07-18","51.602414","6.142172","32.3","NIEDERRHEIN, GM","  70.8","20","  51.2","20","9999.9"," 0","999.9"," 0","  6.2","20","  3.2","20","  6.0"," 17.1","  80.6","*","  53.6","*"," 0.00","I","999.9","000000"
"10000199999","2018-07-19","51.602414","6.142172","32.3","NIEDERRHEIN, GM","  74.1","20","  51.9","20","9999.9"," 0","999.9"," 0","  6.2","20","  3.7","20","  7.0","999.9","  84.2","*","  62.6","*"," 0.00","I","999.9","000000"
"10000199999","2018-07-20","51.602414","6.142172","32.3","NIEDERRHEIN, GM","  72.8","20","  51.7","20","9999.9"," 0","999.9"," 0","  6.2","20","  4.3","20","  8.9","999.9","  82.4","*","  57.2","*"," 0.00","I","999.9","000000"
"10000199999","2018-07-21","51.602414","6.142172","32.3","NIEDERRHEIN, GM","  75.2","20","  57.5","20","9999.9"," 0","999.9"," 0","  6.2","20","  4.2","20","  8.9","999.9","  84.2","*","  62.6","*"," 0.00","I","999.9","000000"
"10000199999","2018-07-22","51.602414","6.142172","32.3","NIEDERRHEIN, GM","  73.1","20","  57.1","20","9999.9"," 0","999.9"," 0","  6.2","20","  4.5","20","  9.9","999.9","  82.4","*","  59.0","*"," 0.00","I","999.9","000000"
"10000199999","2018-07-23","51.602414","6.142172","32.3","NIEDERRHEIN, GM","  76.9","20","  58.8","20","9999.9"," 0","999.9"," 0","  6.2","20","  2.5","20","  6.0","999.9","  87.8","*","  59.0","*"," 0.00","I","999.9","000000"
"10000199999","2018-07-24","51.602414","6.142172","32.3","NIEDERRHEIN, GM","  82.1","20","  58.5","20","9999.9"," 0","999.9"," 0","  6.2","20","  2.9","20","  6.0","999.9","  93.2","*","  66.2","*"," 0.00","I","999.9","000000"
"10000199999","2018-07-25","51.602414","6.142172","32.3","NIEDERRHEIN, GM","  83.4","20","  59.5","20","9999.9"," 0","999.9"," 0","  6.2","20","  4.3","20","  6.0","999.9","  93.2","*","  71.6","*"," 0.00","I","999.9","000000"
"10000199999","2018-07-26","51.602414","6.142172","32.3","NIEDERRHEIN, GM","  84.7","20","  59.9","20","9999.9"," 0","999.9"," 0","  6.1","20","  4.0","20","  8.0"," 15.0","  98.6","*","  69.8","*","99.99"," ","999.9","010000"
"10000199999","2018-07-27","51.602414","6.142172","32.3","NIEDERRHEIN, GM","  87.1","20","  50.5","20","9999.9"," 0","999.9"," 0","  6.2","20","  5.0","20","  8.9","999.9","  96.8","*","  71.6","*"," 0.00","I","999.9","000000"
"10000199999","2018-07-28","51.602414","6.142172","32.3","NIEDERRHEIN, GM","  73.7","20","  59.4","20","9999.9"," 0","999.9"," 0","  6.1","20","  7.5","20"," 18.1","999.9","  80.6","*","  62.6","*","99.99"," ","999.9","010000"
"10000199999","2018-07-29","51.602414","6.142172","32.3","NIEDERRHEIN, GM","  76.2","20","  52.0","20","9999.9"," 0","999.9"," 0","  6.2","20","  7.6","20"," 15.0"," 22.9","  84.2","*","  60.8","*"," 0.00","I","999.9","000000"
"10000199999","2018-07-30","51.602414","6.142172","32.3","NIEDERRHEIN, GM","  81.2","20","  57.7","20","9999.9"," 0","999.9"," 0","  6.2","20","  6.6","20"," 11.1"," 20.0","  91.4","*","  68.0","*"," 0.00","I","999.9","000000"
"10000199999","2018-07-31","51.602414","6.142172","32.3","NIEDERRHEIN, GM","  77.2","20","  59.5","20","9999.9"," 0","999.9"," 0","  6.2","20","  6.5","20"," 17.1","999.9","  86.0","*","  64.4","*"," 0.00","I","999.9","000000"
"10000199999","2018-08-01","51.602414","6.142172","32.3","NIEDERRHEIN, GM","  75.6","20","  54.6","20","9999.9"," 0","999.9"," 0","  6.2","20","  3.0","20","  6.0","999.9","  84.2","*","  60.8","*"," 0.00","I","999.9","000000"
"10000199999","2018-08-02","51.602414","6.142172","32.3","NIEDERRHEIN, GM","  79.6","20","  56.7","20","9999.9"," 0","999.9"," 0","  6.2","20","  3.0","20","  6.0","999.9","  89.6","*","  60.8","*"," 0.00","I","999.9","000000"
"10000199999","2018-08-03","51.602414","6.142172","32.3","NIEDERRHEIN, GM","  82.3","20","  56.2","20","9999.9"," 0","999.9"," 0","  6.2","20","  3.3","20","  6.0","999.9","  93.2","*","  66.2","*"," 0.00","I","999.9","000000"
"10000199999","2018-08-04","51.602414","6.142172","32.3","NIEDERRHEIN, GM","  78.4","20","  59.4","20","9999.9"," 0","999.9"," 0","  6.2","20","  4.6","20","  8.0","999.9","  89.6","*","  69.8","*"," 0.00","I","999.9","000000"
"10000199999","2018-08-05","51.602414","6.142172","32.3","NIEDERRHEIN, GM","  73.0","20","  55.8","20","9999.9"," 0","999.9"," 0","  6.2","20","  3.9","20","  7.0","999.9","  80.6","*","  62.6","*"," 0.00","I","999.9","000000"
"10000199999","2018-08-06","51.602414","6.142172","32.3","NIEDERRHEIN, GM","  79.8","20","  52.3","20","9999.9"," 0","999.9"," 0","  6.2","20","  3.6","20","  7.0","999.9","  91.4","*","  59.0","*"," 0.00","I","999.9","000000"
"10000199999","2018-08-07","51.602414","6.142172","32.3","NIEDERRHEIN, GM","  83.6","21","  52.7","21","9999.9"," 0","999.9"," 0","  6.2","21","  3.0","21","  9.9","999.9","  96.8","*","  62.6","*"," 0.00","I","999.9","000000"
"10000199999","2018-08-08","51.602414","6.142172","32.3","NIEDERRHEIN, GM","  71.6","20","  59.1","20","9999.9"," 0","999.9"," 0","  6.2","20","  9.1","20"," 18.1","999.9","  75.2","*","  60.8","*","99.99"," ","999.9","010000"
"10000199999","2018-08-09","51.602414","6.142172","32.3","NIEDERRHEIN, GM","  67.7","20","  60.4","20","9999.9"," 0","999.9"," 0","  5.9","20","  8.7","20"," 20.0"," 32.1","  77.0","*","  55.4","*","99.99"," ","999.9","010010"
"10000199999","2018-08-10","51.602414","6.142172","32.3","NIEDERRHEIN, GM","  65.9","20","  49.6","20","9999.9"," 0","999.9"," 0","  6.2","20"," 10.7","20"," 15.0"," 28.0","  73.4","*","  55.4","*"," 0.00","I","999.9","000000"
"10000199999","2018-08-11","51.602414","6.142172","32.3","NIEDERRHEIN, GM","  63.7","20","  49.6","20","9999.9"," 0","999.9"," 0","  6.2","20","  7.4","20"," 14.0","999.9","  71.6","*","  55.4","*"," 0.00","I","999.9","000000"
"10000199999","2018-08-12","51.602414","6.142172","32.3","NIEDERRHEIN, GM","  71.4","20","  49.9","20","9999.9"," 0","999.9"," 0","  6.2","20","  6.2","20","  9.9","999.9","  82.4","*","  55.4","*"," 0.00","I","999.9","000000"
"10000199999","2018-08-13","51.602414","6.142172","32.3","NIEDERRHEIN, GM","  64.6","20","  61.5","20","9999.9"," 0","999.9"," 0","  6.1","20","  6.5","20"," 12.0","999.9","  69.8","*","  60.8","*","99.99"," ","999.9","010000"
"10000199999","2018-08-14","51.602414","6.142172","32.3","NIEDERRHEIN, GM","  68.2","20","  59.2","20","9999.9"," 0","999.9"," 0","  5.5","20","  9.0","20"," 13.0","999.9","  75.2","*","  62.6","*"," 0.00","I","999.9","000000"
"10000199999","2018-08-15","51.602414","6.142172","32.3","NIEDERRHEIN, GM","  67.6","20","  60.5","20","9999.9"," 0","999.9"," 0","  6.2","20","  6.3","20","  9.9","999.9","  75.2","*","  60.8","*"," 0.00","I","999.9","000000"
"10000199999","2018-08-16","51.602414","6.142172","32.3","NIEDERRHEIN, GM","  69.8","20","  59.1","20","9999.9"," 0","999.9"," 0","  6.2","20","  5.5","20","  9.9","999.9","  80.6","*","  57.2","*"," 0.00","I","999.9","000000"
"10000199999","2018-08-17","51.602414","6.142172","32.3","NIEDERRHEIN, GM","  66.8","20","  56.6","20","9999.9"," 0","999.9"," 0","  5.6","20","  3.2","20","  7.0","999.9","  75.2","*","  60.8","*","99.99"," ","999.9","010000"
"10000199999","2018-08-18","51.602414","6.142172","32.3","NIEDERRHEIN, GM","  65.8","20","  54.6","20","9999.9"," 0","999.9"," 0","  6.2","20","  6.0","20"," 12.0","999.9","  75.2","*","  51.8","*"," 0.00","I","999.9","000000"
"10000199999","2018-08-19","51.602414","6.142172","32.3","NIEDERRHEIN, GM","  68.8","20","  58.2","20","9999.9"," 0","999.9"," 0","  6.2","20","  8.1","20"," 12.0","999.9","  77.0","*","  57.2","*"," 0.00","I","999.9","000000"
"10000199999","2018-08-20","51.602414","6.142172","32.3","NIEDERRHEIN, GM","  69.9","20","  62.5","20","9999.9"," 0","999.9"," 0","  6.0","20","  5.0","20","  8.9","999.9","  75.2","*","  64.4","*","99.99"," ","999.9","010000"
"10000199999","2018-08-21","51.602414","6.142172","32.3","NIEDERRHEIN, GM","  73.0","20","  61.3","20","9999.9"," 0","999.9"," 0","  6.1","20","  2.3","20","  4.1","999.9","  80.6","*","  64.4","*"," 0.00","I","999.9","000000"
"10000199999","2018-08-22","51.602414","6.142172","32.3","NIEDERRHEIN, GM","  72.7","20","  61.6","20","9999.9"," 0","999.9"," 0","  6.0","20","  3.3","20","  8.0","999.9","  82.4","*","  60.8","*"," 0.00","I","999.9","000000"
"10000199999","2018-08-23","51.602414","6.142172","32.3","NIEDERRHEIN, GM","  67.6","20","  60.3","20","9999.9"," 0","999.9"," 0","  4.8","20","  6.8","20"," 12.0","999.9","  75.2","*","  57.2","*","99.99"," ","999.9","010000"
"10000199999","2018-08-24","51.602414","6.142172","32.3","NIEDERRHEIN, GM","  63.0","20","  49.2","20","9999.9"," 0","999.9"," 0","  6.0","20","  9.9","20"," 18.1","999.9","  68.0","*","  57.2","*"," 0.00","I","999.9","000000"
"10000199999","2018-08-25","51.602414","6.142172","32.3","NIEDERRHEIN, GM","  56.1","20","  49.6","20","9999.9"," 0","999.9"," 0","  6.2","20"," 10.5","20"," 17.1","999.9","  62.6","*","  50.0","*","99.99"," ","999.9","010000"
"10000199999","2018-08-26","51.602414","6.142172","32.3","NIEDERRHEIN, GM","  59.9","20","  45.0","20","9999.9"," 0","999.9"," 0","  6.2","20","  6.7","20"," 12.0","999.9","  68.0","*","  44.6","*","99.99"," ","999.9","010000"
"10000199999","2018-08-27","51.602414","6.142172","32.3","NIEDERRHEIN, GM","  64.0","20","  55.0","20","9999.9"," 0","999.9"," 0","  6.0","20"," 11.7","20"," 18.1"," 28.0","  69.8","*","  57.2","*","99.99"," ","999.9","010000"
"10000199999","2018-08-28","51.602414","6.142172","32.3","NIEDERRHEIN, GM","  66.1","19","  53.7","19","9999.9"," 0","999.9"," 0","  6.2","19","  4.3","19","  8.0","999.9","  71.6","*","  57.2","*"," 0.00","I","999.9","000000"
"10000199999","2018-08-29","51.602414","6.142172","32.3","NIEDERRHEIN, GM","  66.4","20","  56.6","20","9999.9"," 0","999.9"," 0","  5.5","20","  4.0","20","  7.0","999.9","  78.8","*","  55.4","*","99.99"," ","999.9","010000"
"10000199999","2018-08-30","51.602414","6.142172","32.3","NIEDERRHEIN, GM","  61.9","20","  51.7","20","9999.9"," 0","999.9"," 0","  5.6","20","  4.7","20","  8.9","999.9","  69.8","*","  55.4","*","99.99"," ","999.9","010000"
"10000199999","2018-08-31","51.602414","6.142172","32.3","NIEDERRHEIN, GM","  59.8","21","  49.4","21","9999.9"," 0","999.9"," 0","  6.2","21","  1.9","21","  5.1","999.9","  68.0","*","  48.2","*"," 0.00","I","999.9","000000"
"10000199999","2018-09-01","51.602414","6.142172","32.3","NIEDERRHEIN, GM","  61.0","20","  46.4","20","9999.9"," 0","999.9"," 0","  6.1","20","  2.8","20","  6.0","999.9","  69.8","*","  44.6","*"," 0.00","I","999.9","000000"
"10000199999","2018-09-02","51.602414","6.142172","32.3","NIEDERRHEIN, GM","  65.9","20","  49.9","20","9999.9"," 0","999.9"," 0","  6.2","20","  4.8","20","  7.0","999.9","  75.2","*","  51.8","*"," 0.00","I","999.9","000000"
"10000199999","2018-09-03","51.602414","6.142172","32.3","NIEDERRHEIN, GM","  67.4","20","  59.9","20","9999.9"," 0","999.9"," 0","  6.0","20","  2.5","20","  5.1","999.9","  73.4","*","  62.6","*"," 0.00","I","999.9","000000"
"10000199999","2018-09-04","51.602414","6.142172","32.3","NIEDERRHEIN, GM","  69.6","20","  62.9","20","9999.9"," 0","999.9"," 0","  3.8","20","  1.9","20","  5.1","999.9","  80.6","*","  60.8","*"," 0.00","I","999.9","100000"
"10000199999","2018-09-05","51.602414","6.142172","32.3","NIEDERRHEIN, GM","  73.3","20","  62.2","20","9999.9"," 0","999.9"," 0","  5.2","20","  2.0","20","  5.1","999.9","  82.4","*","  66.2","*"," 0.00","I","999.9","000000"
"10000199999","2018-09-06","51.602414","6.142172","32.3","NIEDERRHEIN, GM","  64.8","20","  62.5","20","9999.9"," 0","999.9"," 0","  5.1","20","  3.1","20","  8.9","999.9","  68.0","*","  57.2","*","99.99"," ","999.9","010000"
"10000199999","2018-09-07","51.602414","6.142172","32.3","NIEDERRHEIN, GM","  59.1","20","  49.1","20","9999.9"," 0","999.9"," 0","  5.5","20","  9.1","20"," 15.9","999.9","  64.4","*","  53.6","*","99.99"," ","999.9","010000"
"10000199999","2018-09-08","51.602414","6.142172","32.3","NIEDERRHEIN, GM","  59.8","20","  49.7","20","9999.9"," 0","999.9"," 0","  6.2","20","  6.6","20"," 12.0","999.9","  66.2","*","  50.0","*"," 0.00","I","999.9","000000"
"10000199999","2018-09-09","51.602414","6.142172","32.3","NIEDERRHEIN, GM","  66.7","20","  52.6","20","9999.9"," 0","999.9"," 0","  6.2","20","  6.4","20"," 12.0","999.9","  75.2","*","  57.2","*"," 0.00","I","999.9","000000"
"10000199999","2018-09-10","51.602414","6.142172","32.3","NIEDERRHEIN, GM","  64.8","20","  57.7","20","9999.9"," 0","999.9"," 0","  6.2","20","  5.2","20"," 12.0","999.9","  69.8","*","  57.2","*"," 0.00","I","999.9","000000"
"10000199999","2018-09-11","51.602414","6.142172","32.3","NIEDERRHEIN, GM","  69.9","20","  56.2","20","9999.9"," 0","999.9"," 0","  6.2","20"," 11.1","20"," 17.1","999.9","  78.8","*","  57.2","*"," 0.00","I","999.9","000000"
"10000199999","2018-09-12","51.602414","6.142172","32.3","NIEDERRHEIN, GM","  62.0","20","  57.9","20","9999.9"," 0","999.9"," 0","  6.1","20","  5.2","20","  9.9","999.9","  68.0","*","  57.2","*","99.99"," ","999.9","010000"
"10000199999","2018-09-13","51.602414","6.142172","32.3","NIEDERRHEIN, GM","  61.0","20","  49.1","20","9999.9"," 0","999.9"," 0","  6.2","20","  3.1","20","  5.1","999.9","  68.0","*","  55.4","*","99.99"," ","999.9","010000"
"10000199999","2018-09-14","51.602414","6.142172","32.3","NIEDERRHEIN, GM","  58.9","20","  46.7","20","9999.9"," 0","999.9"," 0","  6.2","20","  4.6","20"," 11.1","999.9","  68.0","*","  44.6","*"," 0.00","I","999.9","000000"
"10000199999","2018-09-15","51.602414","6.142172","32.3","NIEDERRHEIN, GM","  60.3","14","  51.4","14","9999.9"," 0","999.9"," 0","  6.2","14","  7.0","14","  9.9","999.9","  68.0","*","  51.8","*"," 0.00","I","999.9","000000"
"10000199999","2018-09-16","51.602414","6.142172","32.3","NIEDERRHEIN, GM","  63.0","18","  49.3","18","9999.9"," 0","999.9"," 0","  6.2","18","  4.8","18","  8.0","999.9","  73.4","*","  48.2","*"," 0.00","I","999.9","000000"
"10000199999","2018-09-18","51.602414","6.142172","32.3","NIEDERRHEIN, GM","  76.9","13","  53.6","13","9999.9"," 0","999.9"," 0","  6.2","13"," 10.2","13"," 18.1","999.9","  84.2","*","  64.4","*"," 0.00","I","999.9","000000"
"10000199999","2018-09-19","51.602414","6.142172","32.3","NIEDERRHEIN, GM","  70.0","19","  57.0","19","9999.9"," 0","999.9"," 0","  6.2","19","  9.7","19"," 18.1","999.9","  80.6","*","  55.4","*"," 0.00","I","999.9","000000"
"10000199999","2018-09-20","51.602414","6.142172","32.3","NIEDERRHEIN, GM","  71.2","15","  55.0","15","9999.9"," 0","999.9"," 0","  6.2","15","  8.8","15"," 15.0","999.9","  78.8","*","  59.0","*"," 0.00","I","999.9","000000"
"10000199999","2018-09-21","51.602414","6.142172","32.3","NIEDERRHEIN, GM","  62.3","20","  48.3","20","9999.9"," 0","999.9"," 0","  6.1","20"," 15.4","20"," 24.1"," 34.0","  69.8","*","  55.4","*","99.99"," ","999.9","010000"
"10000199999","2018-09-22","51.602414","6.142172","32.3","NIEDERRHEIN, GM","  54.8","20","  49.2","20","9999.9"," 0","999.9"," 0","  6.1","20","  8.5","20"," 13.0","999.9","  60.8","*","  51.8","*","99.99"," ","999.9","010000"
"10000199999","2018-09-23","51.602414","6.142172","32.3","NIEDERRHEIN, GM","  51.0","20","  51.0","20","9999.9"," 0","999.9"," 0","  4.1","20","  4.6","20","  8.0","999.9","  53.6","*","  48.2","*","99.99"," ","999.9","010000"
"10000199999","2018-09-24","51.602414","6.142172","32.3","NIEDERRHEIN, GM","  51.8","20","  44.2","20","9999.9"," 0","999.9"," 0","  6.2","20","  5.9","20"," 11.1"," 20.0","  59.0","*","  42.8","*","99.99"," ","999.9","010000"
"10000199999","2018-09-25","51.602414","6.142172","32.3","NIEDERRHEIN, GM","  50.5","20","  41.4","20","9999.9"," 0","999.9"," 0","  6.2","20","  2.3","20","  5.1","999.9","  60.8","*","  37.4","*"," 0.00","I","999.9","000000"
"10000199999","2018-09-26","51.602414","6.142172","32.3","NIEDERRHEIN, GM","  55.0","20","  41.5","20","9999.9"," 0","999.9"," 0","  6.2","20","  5.3","20","  8.9","999.9","  68.0","*","  42.8","*"," 0.00","I","999.9","000000"
"10000199999","2018-09-27","51.602414","6.142172","32.3","NIEDERRHEIN, GM","  59.6","20","  44.7","20","9999.9"," 0","999.9"," 0","  6.2","20","  3.6","20","  8.0","999.9","  71.6","*","  44.6","*"," 0.00","I","999.9","000000"
"10000199999","2018-09-28","51.602414","6.142172","32.3","NIEDERRHEIN, GM","  55.3","20","  45.0","20","9999.9"," 0","999.9"," 0","  5.8","20","  4.2","20","  8.9","999.9","  62.6","*","  48.2","*"," 0.00","I","999.9","000000"
"10000199999","2018-09-29","51.602414","6.142172","32.3","NIEDERRHEIN, GM","  49.7","20","  39.6","20","9999.9"," 0","999.9"," 0","  6.2","20","  2.4","20","  5.1","999.9","  60.8","*","  35.6","*"," 0.00","I","999.9","000000"
"10000199999","2018-09-30","51.602414","6.142172","32.3","NIEDERRHEIN, GM","  51.5","20","  41.6","20","9999.9"," 0","999.9"," 0","  6.2","20","  2.6","20","  6.0","999.9","  60.8","*","  35.6","*"," 0.00","I","999.9","000000"
"10000199999","2018-10-01","51.602414","6.142172","32.3","NIEDERRHEIN, GM","  50.1","21","  44.1","21","9999.9"," 0","999.9"," 0","  6.0","21","  6.2","21"," 11.1"," 26.0","  55.4","*","  42.8","*","99.99"," ","999.9","010000"
"10000199999","2018-10-02","51.602414","6.142172","32.3","NIEDERRHEIN, GM","  53.1","20","  48.7","20","9999.9"," 0","999.9"," 0","  6.2","20","  9.5","20"," 14.0"," 21.0","  60.8","*","  46.4","*","99.99"," ","999.9","010000"
"10000199999","2018-10-03","51.602414","6.142172","32.3","NIEDERRHEIN, GM","  54.9","20","  45.7","20","9999.9"," 0","999.9"," 0","  6.2","20","  5.5","20","  8.9","999.9","  60.8","*","  48.2","*","99.99"," ","999.9","010000"
"10000199999","2018-10-04","51.602414","6.142172","32.3","NIEDERRHEIN, GM","  57.8","20","  51.3","20","9999.9"," 0","999.9"," 0","  6.2","20","  6.0","20"," 11.1","999.9","  66.2","*","  51.8","*"," 0.00","I","999.9","000000"
"10000199999","2018-10-05","51.602414","6.142172","32.3","NIEDERRHEIN, GM","  58.3","20","  49.1","20","9999.9"," 0","999.9"," 0","  6.2","20","  3.4","20","  6.0","999.9","  71.6","*","  44.6","*"," 0.00","I","999.9","000000"
"10000199999","2018-10-06","51.602414","6.142172","32.3","NIEDERRHEIN, GM","  63.2","20","  53.0","20","9999.9"," 0","999.9"," 0","  6.2","20","  4.4","20","  8.9","999.9","  77.0","*","  48.2","*"," 0.00","I","999.9","000000"
"10000199999","2018-10-07","51.602414","6.142172","32.3","NIEDERRHEIN, GM","  53.3","20","  43.5","20","9999.9"," 0","999.9"," 0","  6.2","20","  5.2","20","  9.9"," 19.0","  59.0","*","  42.8","*"," 0.00","I","999.9","000000"
"10000199999","2018-10-08","51.602414","6.142172","32.3","NIEDERRHEIN, GM","  51.2","19","  41.4","19","9999.9"," 0","999.9"," 0","  6.2","19","  2.4","19","  6.0","999.9","  64.4","*","  35.6","*"," 0.00","I","999.9","000000"
"10000199999","2018-10-09","51.602414","6.142172","32.3","NIEDERRHEIN, GM","  54.5","20","  45.9","20","9999.9"," 0","999.9"," 0","  5.9","20","  2.6","20","  5.1","999.9","  68.0","*","  41.0","*"," 0.00","I","999.9","000000"
"10000199999","2018-10-10","51.602414","6.142172","32.3","NIEDERRHEIN, GM","  63.4","20","  51.7","20","9999.9"," 0","999.9"," 0","  5.2","20","  4.5","20","  7.0","999.9","  77.0","*","  50.0","*"," 0.00","I","999.9","100000"
"10000199999","2018-10-11","51.602414","6.142172","32.3","NIEDERRHEIN, GM","  66.4","20","  54.0","20","9999.9"," 0","999.9"," 0","  6.2","20","  7.1","20","  9.9","999.9","  73.4","*","  57.2","*"," 0.00","I","999.9","000000"
"10000199999","2018-10-12","51.602414","6.142172","32.3","NIEDERRHEIN, GM","  68.9","20","  57.1","20","9999.9"," 0","999.9"," 0","  6.2","20","  7.1","20"," 12.0","999.9","  77.0","*","  57.2","*"," 0.00","I","999.9","000000"
"10000199999","2018-10-13","51.602414","6.142172","32.3","NIEDERRHEIN, GM","  71.0","21","  54.7","21","9999.9"," 0","999.9"," 0","  6.2","21","  7.1","21"," 12.0","999.9","  82.4","*","  60.8","*"," 0.00","I","999.9","000000"
"10000199999","2018-10-14","51.602414","6.142172","32.3","NIEDERRHEIN, GM","  69.7","20","  51.0","20","9999.9"," 0","999.9"," 0","  6.2","20","  9.1","20"," 17.1"," 28.9","  80.6","*","  60.8","*"," 0.00","I","999.9","000000"
"10000199999","2018-10-15","51.602414","6.142172","32.3","NIEDERRHEIN, GM","  67.8","20","  50.1","20","9999.9"," 0","999.9"," 0","  6.2","20","  5.1","20","  8.9","999.9","  77.0","*","  59.0","*"," 0.00","I","999.9","000000"
"10000199999","2018-10-16","51.602414","6.142172","32.3","NIEDERRHEIN, GM","  63.2","20","  50.5","20","9999.9"," 0","999.9"," 0","  6.2","20","  2.7","20","  5.1","999.9","  77.0","*","  50.0","*"," 0.00","I","999.9","000000"
"10000199999","2018-10-17","51.602414","6.142172","32.3","NIEDERRHEIN, GM","  60.4","20","  54.6","20","9999.9"," 0","999.9"," 0","  6.1","20","  2.4","20","  4.1","999.9","  71.6","*","  50.0","*"," 0.00","I","999.9","000000"
"10000199999","2018-10-18","51.602414","6.142172","32.3","NIEDERRHEIN, GM","  55.7","13","  53.3","13","9999.9"," 0","999.9"," 0","  5.4","13","  3.2","13","  6.0","999.9","  60.8","*","  51.8","*","99.99"," ","999.9","010000"
"10000199999","2018-10-19","51.602414","6.142172","32.3","NIEDERRHEIN, GM","  53.3","20","  47.5","20","9999.9"," 0","999.9"," 0","  6.2","20","  3.3","20","  5.1","999.9","  62.6","*","  46.4","*"," 0.00","I","999.9","000000"
"10000199999","2018-10-20","51.602414","6.142172","32.3","NIEDERRHEIN, GM","  48.7","20","  42.9","20","9999.9"," 0","999.9"," 0","  4.9","20","  0.9","20","  2.9","999.9","  60.8","*","  37.4","*"," 0.00","I","999.9","100000"
"10000199999","2018-10-21","51.602414","6.142172","32.3","NIEDERRHEIN, GM","  51.4","20","  43.3","20","9999.9"," 0","999.9"," 0","  5.4","20","  2.7","20","  7.0","999.9","  62.6","*","  41.0","*"," 0.00","I","999.9","000000"
"10000199999","2018-10-22","51.602414","6.142172","32.3","NIEDERRHEIN, GM","  53.7","20","  45.7","20","9999.9"," 0","999.9"," 0","  6.1","20","  3.4","20","  8.0","999.9","  60.8","*","  42.8","*","99.99"," ","999.9","010000"
"10000199999","2018-10-23","51.602414","6.142172","32.3","NIEDERRHEIN, GM","  53.6","20","  47.9","20","9999.9"," 0","999.9"," 0","  6.2","20"," 12.2","20"," 17.1"," 26.0","  59.0","*","  44.6","*","99.99"," ","999.9","010000"
"10000199999","2018-10-24","51.602414","6.142172","32.3","NIEDERRHEIN, GM","  57.7","19","  55.7","19","9999.9"," 0","999.9"," 0","  5.9","19","  7.2","19","  9.9","999.9","  60.8","*","  53.6","*","99.99"," ","999.9","010000"
"10000199999","2018-10-25","51.602414","6.142172","32.3","NIEDERRHEIN, GM","  54.5","20","  50.3","20","9999.9"," 0","999.9"," 0","  5.9","20","  7.8","20","  9.9","999.9","  57.2","*","  51.8","*","99.99"," ","999.9","010000"
"10000199999","2018-10-26","51.602414","6.142172","32.3","NIEDERRHEIN, GM","  49.6","21","  47.4","21","9999.9"," 0","999.9"," 0","  5.5","21","  9.7","21"," 13.0","999.9","  53.6","*","  42.8","*","99.99"," ","999.9","010000"
"10000199999","2018-10-27","51.602414","6.142172","32.3","NIEDERRHEIN, GM","  45.0","20","  41.5","20","9999.9"," 0","999.9"," 0","  6.2","20","  4.8","20","  8.0","999.9","  53.6","*","  41.0","*"," 0.00","I","999.9","000000"
"10000199999","2018-10-28","51.602414","6.142172","32.3","NIEDERRHEIN, GM","  40.0","20","  34.1","20","9999.9"," 0","999.9"," 0","  6.2","20","  6.7","20","  9.9"," 24.1","  44.6","*","  35.6","*"," 0.00","I","999.9","000000"
"10000199999","2018-10-29","51.602414","6.142172","32.3","NIEDERRHEIN, GM","  41.6","20","  39.0","20","9999.9"," 0","999.9"," 0","  5.8","20","  6.4","20","  8.9","999.9","  44.6","*","  39.2","*"," 0.00","I","999.9","000000"
"10000199999","2018-10-30","51.602414","6.142172","32.3","NIEDERRHEIN, GM","  43.8","20","  42.4","20","9999.9"," 0","999.9"," 0","  5.0","20"," 11.0","20"," 22.9"," 33.0","  48.2","*","  37.4","*","99.99"," ","999.9","010000"
"10000199999","2018-10-31","51.602414","6.142172","32.3","NIEDERRHEIN, GM","  47.6","20","  41.5","20","9999.9"," 0","999.9"," 0","  6.1","20","  6.7","20","  8.9","999.9","  51.8","*","  39.2","*"," 0.00","I","999.9","000000"
"10000199999","2018-11-01","51.602414","6.142172","32.3","NIEDERRHEIN, GM","  50.3","20","  45.6","20","9999.9"," 0","999.9"," 0","  6.1","20","  7.1","20","  8.9","999.9","  53.6","*","  46.4","*","99.99"," ","999.9","010000"
"10000199999","2018-11-02","51.602414","6.142172","32.3","NIEDERRHEIN, GM","  46.7","20","  41.5","20","9999.9"," 0","999.9"," 0","  6.1","20","  6.3","20"," 11.1","999.9","  51.8","*","  37.4","*","99.99"," ","999.9","010000"
"10000199999","2018-11-03","51.602414","6.142172","32.3","NIEDERRHEIN, GM","  39.9","20","  37.8","20","9999.9"," 0","999.9"," 0","  5.1","20","  2.8","20","  6.0","999.9","  51.8","*","  32.0","*"," 0.00","I","999.9","000000"
"10000199999","2018-11-04","51.602414","6.142172","32.3","NIEDERRHEIN, GM","  44.1","20","  42.7","20","9999.9"," 0","999.9"," 0","  5.5","20","  3.7","20","  7.0","999.9","  55.4","*","  33.8","*"," 0.00","I","999.9","000000"
"10000199999","2018-11-05","51.602414","6.142172","32.3","NIEDERRHEIN, GM","  47.8","20","  47.8","20","9999.9"," 0","999.9"," 0","  4.9","20","  3.2","20","  5.1","999.9","  51.8","*","  42.8","*"," 0.00","I","999.9","000000"
"10000199999","2018-11-06","51.602414","6.142172","32.3","NIEDERRHEIN, GM","  55.6","19","  49.8","19","9999.9"," 0","999.9"," 0","  6.2","19","  6.0","19","  8.9","999.9","  64.4","*","  48.2","*"," 0.00","I","999.9","000000"
"10000199999","2018-11-07","51.602414","6.142172","32.3","NIEDERRHEIN, GM","  54.4","20","  47.9","20","9999.9"," 0","999.9"," 0","  6.2","20","  7.7","20"," 11.1","999.9","  60.8","*","  48.2","*","99.99"," ","999.9","010000"
"10000199999","2018-11-08","51.602414","6.142172","32.3","NIEDERRHEIN, GM","  49.6","20","  43.9","20","9999.9"," 0","999.9"," 0","  6.2","20","  4.4","20","  8.0","999.9","  57.2","*","  41.0","*"," 0.00","I","999.9","000000"
"10000199999","2018-11-09","51.602414","6.142172","32.3","NIEDERRHEIN, GM","  50.8","20","  47.8","20","9999.9"," 0","999.9"," 0","  6.2","20","  5.2","20","  8.0","999.9","  55.4","*","  42.8","*"," 0.00","I","999.9","000000"
"10000199999","2018-11-10","51.602414","6.142172","32.3","NIEDERRHEIN, GM","  55.0","20","  53.2","20","9999.9"," 0","999.9"," 0","  6.0","20","  7.9","20"," 12.0"," 22.9","  57.2","*","  53.6","*","99.99"," ","999.9","010000"
"10000199999","2018-11-11","51.602414","6.142172","32.3","NIEDERRHEIN, GM","  53.9","20","  50.6","20","9999.9"," 0","999.9"," 0","  6.1","20","  8.2","20"," 13.0","999.9","  57.2","*","  51.8","*","99.99"," ","999.9","010000"
"10000199999","2018-11-12","51.602414","6.142172","32.3","NIEDERRHEIN, GM","  51.2","20","  51.2","20","9999.9"," 0","999.9"," 0","  4.8","20","  3.9","20","  7.0","999.9","  53.6","*","  48.2","*","99.99"," ","999.9","010000"
"10000199999","2018-11-13","51.602414","6.142172","32.3","NIEDERRHEIN, GM","  50.9","20","  48.0","20","9999.9"," 0","999.9"," 0","  6.2","20","  8.6","20"," 15.0","999.9","  55.4","*","  46.4","*","99.99"," ","999.9","010000"
"10000199999","2018-11-14","51.602414","6.142172","32.3","NIEDERRHEIN, GM","  46.9","20","  45.2","20","9999.9"," 0","999.9"," 0","  6.2","20","  5.0","20","  7.0","999.9","  55.4","*","  41.0","*"," 0.00","I","999.9","000000"
"10000199999","2018-11-15","51.602414","6.142172","32.3","NIEDERRHEIN, GM","  44.2","20","  41.5","20","9999.9"," 0","999.9"," 0","  5.4","20","  6.7","20","  8.9","999.9","  51.8","*","  37.4","*"," 0.00","I","999.9","000000"
"10000199999","2018-11-16","51.602414","6.142172","32.3","NIEDERRHEIN, GM","  42.3","20","  39.4","20","9999.9"," 0","999.9"," 0","  4.8","20","  4.0","20","  8.9","999.9","  51.8","*","  33.8","*"," 0.00","I","999.9","100000"
"10000199999","2018-11-17","51.602414","6.142172","32.3","NIEDERRHEIN, GM","  41.0","20","  34.3","20","9999.9"," 0","999.9"," 0","  5.8","20","  4.8","20","  8.0","999.9","  50.0","*","  33.8","*"," 0.00","I","999.9","000000"
"10000199999","2018-11-18","51.602414","6.142172","32.3","NIEDERRHEIN, GM","  36.7","20","  27.9","20","9999.9"," 0","999.9"," 0","  5.8","20","  5.8","20","  8.9","999.9","  44.6","*","  30.2","*"," 0.00","I","999.9","000000"
"10000199999","2018-11-19","51.602414","6.142172","32.3","NIEDERRHEIN, GM","  41.5","20","  36.0","20","9999.9"," 0","999.9"," 0","  6.2","20","  7.8","20"," 11.1"," 22.0","  44.6","*","  39.2","*","99.99"," ","999.9","010000"
"10000199999","2018-11-20","51.602414","6.142172","32.3","NIEDERRHEIN, GM","  38.5","20","  31.9","20","9999.9"," 0","999.9"," 0","  6.2","20","  7.5","20"," 11.1"," 25.1","  39.2","*","  35.6","*"," 0.00","I","999.9","000000"
"10000199999","2018-11-21","51.602414","6.142172","32.3","NIEDERRHEIN, GM","  37.6","20","  33.5","20","9999.9"," 0","999.9"," 0","  5.9","20","  4.7","20","  8.0","999.9","  42.8","*","  33.8","*"," 0.00","I","999.9","000000"
"10000199999","2018-11-22","51.602414","6.142172","32.3","NIEDERRHEIN, GM","  38.2","20","  33.6","20","9999.9"," 0","999.9"," 0","  5.4","20","  5.6","20","  8.0","999.9","  42.8","*","  32.0","*"," 0.00","I","999.9","000000"
"10000199999","2018-11-23","51.602414","6.142172","32.3","NIEDERRHEIN, GM","  37.2","20","  33.8","20","9999.9"," 0","999.9"," 0","  4.1","20","  3.7","20","  6.0","999.9","  46.4","*","  28.4","*"," 0.00","I","999.9","000000"
"10000199999","2018-11-24","51.602414","6.142172","32.3","NIEDERRHEIN, GM","  34.9","20","  34.2","20","9999.9"," 0","999.9"," 0","  2.1","20","  2.7","20","  4.1","999.9","  37.4","*","  32.0","*"," 0.00","I","999.9","000000"
"10000199999","2018-11-25","51.602414","6.142172","32.3","NIEDERRHEIN, GM","  37.9","20","  37.0","20","9999.9"," 0","999.9"," 0","  2.8","20","  3.6","20","  6.0","999.9","  39.2","*","  35.6","*"," 0.00","I","999.9","000000"
"10000199999","2018-11-26","51.602414","6.142172","32.3","NIEDERRHEIN, GM","  41.1","20","  37.6","20","9999.9"," 0","999.9"," 0","  4.5","20","  3.8","20","  5.1","999.9","  44.6","*","  37.4","*","99.99"," ","999.9","010000"
"10000199999","2018-11-27","51.602414","6.142172","32.3","NIEDERRHEIN, GM","  38.8","20","  34.4","20","9999.9"," 0","999.9"," 0","  5.4","20","  4.5","20","  8.0","999.9","  42.8","*","  35.6","*"," 0.00","I","999.9","000000"
"10000199999","2018-11-28","51.602414","6.142172","32.3","NIEDERRHEIN, GM","  42.5","20","  37.9","20","9999.9"," 0","999.9"," 0","  6.0","20"," 10.6","20"," 13.0","999.9","  44.6","*","  37.4","*","99.99"," ","999.9","010000"
"10000199999","2018-11-29","51.602414","6.142172","32.3","NIEDERRHEIN, GM","  47.3","20","  43.7","20","9999.9"," 0","999.9"," 0","  6.1","20","  9.6","20"," 14.0","999.9","  48.2","*","  46.4","*","99.99"," ","999.9","010000"
"10000199999","2018-11-30","51.602414","6.142172","32.3","NIEDERRHEIN, GM","  50.1","20","  45.0","20","9999.9"," 0","999.9"," 0","  6.2","20","  7.4","20"," 11.1","999.9","  53.6","*","  44.6","*"," 0.00","I","999.9","000000"
"10000199999","2018-12-01","51.602414","6.142172","32.3","NIEDERRHEIN, GM","  46.9","20","  43.0","20","9999.9"," 0","999.9"," 0","  6.2","20","  9.1","20"," 13.0","999.9","  51.8","*","  42.8","*","99.99"," ","999.9","010000"
"10000199999","2018-12-02","51.602414","6.142172","32.3","NIEDERRHEIN, GM","  54.4","19","  52.9","19","9999.9"," 0","999.9"," 0","  5.6","19"," 10.3","19"," 13.0","999.9","  57.2","*","  50.0","*","99.99"," ","999.9","010000"
"10000199999","2018-12-03","51.602414","6.142172","32.3","NIEDERRHEIN, GM","  54.0","20","  50.5","20","9999.9"," 0","999.9"," 0","  6.0","20"," 10.3","20"," 14.0"," 25.1","  55.4","*","  48.2","*","99.99"," ","999.9","010000"
"10000199999","2018-12-04","51.602414","6.142172","32.3","NIEDERRHEIN, GM","  41.4","20","  38.1","20","9999.9"," 0","999.9"," 0","  5.9","20","  3.1","20","  8.0","999.9","  48.2","*","  33.8","*","99.99"," ","999.9","010000"
"10000199999","2018-12-05","51.602414","6.142172","32.3","NIEDERRHEIN, GM","  41.8","20","  39.2","20","9999.9"," 0","999.9"," 0","  6.1","20","  7.8","20"," 11.1","999.9","  46.4","*","  33.8","*","99.99"," ","999.9","010000"
"10000199999","2018-12-06","51.602414","6.142172","32.3","NIEDERRHEIN, GM","  53.0","20","  51.1","20","9999.9"," 0","999.9"," 0","  5.0","20","  8.5","20"," 12.0","999.9","  55.4","*","  48.2","*","99.99"," ","999.9","010000"
"10000199999","2018-12-07","51.602414","6.142172","32.3","NIEDERRHEIN, GM","  49.8","20","  47.6","20","9999.9"," 0","999.9"," 0","  5.7","20"," 13.1","20"," 15.0"," 27.0","  53.6","*","  42.8","*","99.99"," ","999.9","010000"
"10000199999","2018-12-08","51.602414","6.142172","32.3","NIEDERRHEIN, GM","  47.8","20","  43.5","20","9999.9"," 0","999.9"," 0","  5.7","20"," 15.4","20"," 22.0"," 35.0","  51.8","*","  44.6","*","99.99"," ","999.9","010000"
"10000199999","2018-12-09","51.602414","6.142172","32.3","NIEDERRHEIN, GM","  46.3","20","  42.3","20","9999.9"," 0","999.9"," 0","  5.8","20"," 12.0","20"," 22.0"," 31.1","  48.2","*","  42.8","*","99.99"," ","999.9","010000"
"10000199999","2018-12-10","51.602414","6.142172","32.3","NIEDERRHEIN, GM","  40.5","20","  36.9","20","9999.9"," 0","999.9"," 0","  6.2","20","  7.5","20"," 12.0","999.9","  44.6","*","  37.4","*","99.99"," ","999.9","010000"
"10000199999","2018-12-11","51.602414","6.142172","32.3","NIEDERRHEIN, GM","  40.5","20","  36.5","20","9999.9"," 0","999.9"," 0","  6.0","20","  3.9","20","  8.0","999.9","  44.6","*","  35.6","*"," 0.00","I","999.9","000000"
"10000199999","2018-12-12","51.602414","6.142172","32.3","NIEDERRHEIN, GM","  36.0","20","  33.9","20","9999.9"," 0","999.9"," 0","  5.0","20","  2.2","19","  4.1","999.9","  39.2","*","  32.0","*","99.99"," ","999.9","010000"
"10000199999","2018-12-13","51.602414","6.142172","32.3","NIEDERRHEIN, GM","  34.6","20","  30.4","20","9999.9"," 0","999.9"," 0","  5.9","20","  5.1","20","  8.0"," 15.9","  37.4","*","  32.0","*","99.99"," ","999.9","010000"
"10000199999","2018-12-14","51.602414","6.142172","32.3","NIEDERRHEIN, GM","  33.7","20","  29.6","20","9999.9"," 0","999.9"," 0","  5.7","20","  3.9","20","  6.0","999.9","  35.6","*","  32.0","*"," 0.00","I","999.9","000000"
"10000199999","2018-12-15","51.602414","6.142172","32.3","NIEDERRHEIN, GM","  32.8","20","  23.4","20","9999.9"," 0","999.9"," 0","  6.2","20","  8.4","20"," 15.9"," 26.0","  33.8","*","  30.2","*"," 0.00","I","999.9","000000"
"10000199999","2018-12-16","51.602414","6.142172","32.3","NIEDERRHEIN, GM","  34.8","20","  34.1","20","9999.9"," 0","999.9"," 0","  1.5","20","  6.6","20","  9.9","999.9","  37.4","*","  32.0","*","99.99"," ","999.9","110000"
"10000199999","2018-12-17","51.602414","6.142172","32.3","NIEDERRHEIN, GM","  42.0","20","  40.5","20","9999.9"," 0","999.9"," 0","  5.5","20","  7.2","20"," 11.1","999.9","  46.4","*","  37.4","*","99.99"," ","999.9","010000"
"10000199999","2018-12-18","51.602414","6.142172","32.3","NIEDERRHEIN, GM","  42.3","20","  38.4","20","9999.9"," 0","999.9"," 0","  6.2","20","  9.2","20"," 15.0"," 22.9","  46.4","*","  39.2","*"," 0.00","I","999.9","000000"
"10000199999","2018-12-19","51.602414","6.142172","32.3","NIEDERRHEIN, GM","  45.8","20","  42.0","20","9999.9"," 0","999.9"," 0","  6.0","20","  7.3","20","  8.9","999.9","  50.0","*","  41.0","*","99.99"," ","999.9","010000"
"10000199999","2018-12-20","51.602414","6.142172","32.3","NIEDERRHEIN, GM","  46.1","20","  42.9","20","9999.9"," 0","999.9"," 0","  6.1","20","  8.9","20"," 13.0","999.9","  48.2","*","  42.8","*","99.99"," ","999.9","010000"
"10000199999","2018-12-21","51.602414","6.142172","32.3","NIEDERRHEIN, GM","  51.6","20","  47.0","20","9999.9"," 0","999.9"," 0","  5.4","20"," 15.6","20"," 22.0"," 35.0","  55.4","*","  46.4","*","99.99"," ","999.9","010000"
"10000199999","2018-12-22","51.602414","6.142172","32.3","NIEDERRHEIN, GM","  49.6","20","  45.2","20","9999.9"," 0","999.9"," 0","  6.2","20"," 12.4","20"," 20.0"," 29.9","  51.8","*","  46.4","*","99.99"," ","999.9","010000"
"10000199999","2018-12-23","51.602414","6.142172","32.3","NIEDERRHEIN, GM","  46.1","20","  45.2","20","9999.9"," 0","999.9"," 0","  4.0","20","  5.3","20","  8.9","999.9","  48.2","*","  42.8","*","99.99"," ","999.9","010000"
"10000199999","2018-12-24","51.602414","6.142172","32.3","NIEDERRHEIN, GM","  42.8","14","  38.3","14","9999.9"," 0","999.9"," 0","  6.2","14","  3.2","14","  6.0","999.9","  44.6","*","  37.4","*"," 0.00","I","999.9","000000"
"10000199999","2018-12-26","51.602414","6.142172","32.3","NIEDERRHEIN, GM","  35.0","20","  32.3","20","9999.9"," 0","999.9"," 0","  5.6","20","  3.9","20","  7.0","999.9","  41.0","*","  30.2","*"," 0.00","I","999.9","000000"
"10000199999","2018-12-27","51.602414","6.142172","32.3","NIEDERRHEIN, GM","  34.9","20","  30.6","20","9999.9"," 0","999.9"," 0","  6.2","20","  2.1","20","  5.1","999.9","  41.0","*","  30.2","*"," 0.00","I","999.9","000000"
"10000199999","2018-12-28","51.602414","6.142172","32.3","NIEDERRHEIN, GM","  33.5","21","  31.4","21","9999.9"," 0","999.9"," 0","  4.3","21","  3.8","21","  6.0","999.9","  37.4","*","  26.6","*","99.99"," ","999.9","010000"
"10000199999","2018-12-29","51.602414","6.142172","32.3","NIEDERRHEIN, GM","  43.9","20","  41.6","20","9999.9"," 0","999.9"," 0","  3.6","20","  9.8","20"," 17.1"," 24.1","  50.0","*","  37.4","*","99.99"," ","999.9","010000"
"10000199999","2018-12-30","51.602414","6.142172","32.3","NIEDERRHEIN, GM","  46.3","20","  43.8","20","9999.9"," 0","999.9"," 0","  4.4","20","  6.2","20","  9.9","999.9","  48.2","*","  42.8","*","99.99"," ","999.9","010000"
"10000199999","2018-12-31","51.602414","6.142172","32.3","NIEDERRHEIN, GM","  48.6","17","  47.7","17","9999.9"," 0","999.9"," 0","  3.3","17","  5.0","17","  7.0","999.9","  50.0","*","  48.2","*","99.99"," ","999.9","010000"
